Region,Country,Item Type,Sales Channel,Order Priority,Order Date,Order ID,Ship Date,Units Sold,Unit Price,Unit Cost,Total Revenue,Total Cost,Total Profit,days_since_purchase,shipping_delay_days,date,product,price,quantity,customer_id,coupon_code,shipping_city,discount_rate
Middle East and North Africa,Libya,Cosmetics,Offline,M,2014-10-18,686800706,2014-10-31,8446,437.2,263.33,3692591.2,2224085.18,1468506.02,1013,13,2014-10-18,Cosmetics,437.2,8446,CUST-001,NONE,Sample City A,0.0
North America,Canada,Vegetables,Online,M,2011-11-07,185941302,2011-12-08,3018,154.06,90.93,464953.08,274426.74,190526.34,2089,31,2011-11-07,Vegetables,154.06,3018,CUST-002,SAVE10,Sample City B,0.1
Middle East and North Africa,Libya,Baby Food,Offline,C,2016-10-31,246222341,2016-12-09,1517,255.28,159.42,387259.76,241840.14,145419.62,269,39,2016-10-31,Baby Food,255.28,1517,CUST-003,SAVE20,Sample City C,0.2
Asia,Japan,Cereal,Offline,C,2010-04-10,161442649,2010-05-12,3322,205.7,117.11,683335.4,389039.42,294295.98,2665,32,2010-04-10,Cereal,205.7,3322,CUST-004,NONE,Sample City A,0.0
Sub-Saharan Africa,Chad,Fruits,Offline,H,2011-08-16,645713555,2011-08-31,9845,9.33,6.92,91853.85,68127.4,23726.45,2172,15,2011-08-16,Fruits,9.33,9845,CUST-005,SAVE10,Sample City B,0.1
Europe,Armenia,Cereal,Online,H,2014-11-24,683458888,2014-12-28,9528,205.7,117.11,1959909.6,1115824.08,844085.52,976,34,2014-11-24,Cereal,205.7,9528,CUST-006,SAVE20,Sample City C,0.2
Sub-Saharan Africa,Eritrea,Cereal,Online,H,2015-03-04,679414975,2015-04-17,2844,205.7,117.11,585010.8,333060.84,251949.96,876,44,2015-03-04,Cereal,205.7,2844,CUST-007,NONE,Sample City A,0.0
Europe,Montenegro,Clothes,Offline,M,2012-05-17,208630645,2012-06-28,7299,109.28,35.84,797634.72,261596.16,536038.56,1897,42,2012-05-17,Clothes,109.28,7299,CUST-008,SAVE10,Sample City B,0.1
Central America and the Caribbean,Jamaica,Vegetables,Online,H,2015-01-29,266467225,2015-03-07,2428,154.06,90.93,374057.68,220778.04,153279.64,910,37,2015-01-29,Vegetables,154.06,2428,CUST-009,SAVE20,Sample City C,0.2
Australia and Oceania,Fiji,Vegetables,Offline,H,2013-12-24,118598544,2014-01-19,4800,154.06,90.93,739488.0,436464.0,303024.0,1311,26,2013-12-24,Vegetables,154.06,4800,CUST-010,NONE,Sample City A,0.0
Sub-Saharan Africa,Togo,Clothes,Online,M,2015-12-29,451010930,2016-01-19,3012,109.28,35.84,329151.36,107950.08,221201.28,576,21,2015-12-29,Clothes,109.28,3012,CUST-011,SAVE10,Sample City B,0.1
Europe,Montenegro,Snacks,Offline,M,2010-02-27,220003211,2010-03-18,2694,152.58,97.44,411050.52,262503.36,148547.16,2707,19,2010-02-27,Snacks,152.58,2694,CUST-012,SAVE20,Sample City C,0.2
Europe,Greece,Household,Online,C,2016-11-17,702186715,2016-12-22,1508,668.27,502.54,1007751.16,757830.32,249920.84,252,35,2016-11-17,Household,668.27,1508,CUST-013,NONE,Sample City A,0.0
Sub-Saharan Africa,Sudan,Cosmetics,Online,C,2015-12-20,544485270,2016-01-05,4146,437.2,263.33,1812631.2,1091766.18,720865.02,585,16,2015-12-20,Cosmetics,437.2,4146,CUST-014,SAVE10,Sample City B,0.1
Asia,Maldives,Fruits,Offline,L,2011-01-08,714135205,2011-02-06,7332,9.33,6.92,68407.56,50737.44,17670.12,2392,29,2011-01-08,Fruits,9.33,7332,CUST-015,SAVE20,Sample City C,0.2
Europe,Montenegro,Clothes,Offline,H,2010-06-28,448685348,2010-07-22,4820,109.28,35.84,526729.6,172748.8,353980.8,2586,24,2010-06-28,Clothes,109.28,4820,CUST-016,NONE,Sample City A,0.0
Europe,Estonia,Office Supplies,Online,H,2016-04-25,405997025,2016-05-12,2397,651.21,524.96,1560950.37,1258329.12,302621.25,458,17,2016-04-25,Office Supplies,651.21,2397,CUST-017,SAVE10,Sample City B,0.1
North America,Greenland,Beverages,Online,M,2012-07-27,414244067,2012-08-07,2880,47.45,31.79,136656.0,91555.2,45100.8,1826,11,2012-07-27,Beverages,47.45,2880,CUST-018,SAVE20,Sample City C,0.2
Sub-Saharan Africa,Cape Verde,Clothes,Online,C,2014-09-08,821912801,2014-10-03,1117,109.28,35.84,122065.76,40033.28,82032.48,1053,25,2014-09-08,Clothes,109.28,1117,CUST-019,NONE,Sample City A,0.0
Sub-Saharan Africa,Senegal,Household,Offline,L,2012-08-27,247802054,2012-09-08,8989,668.27,502.54,6007079.03,4517332.06,1489746.97,1795,12,2012-08-27,Household,668.27,8989,CUST-020,SAVE10,Sample City B,0.1
Australia and Oceania,Federated States of Micronesia,Snacks,Online,C,2012-09-03,531023156,2012-10-15,407,152.58,97.44,62100.06,39658.08,22441.98,1788,42,2012-09-03,Snacks,152.58,407,CUST-021,SAVE20,Sample City C,0.2
Europe,Bulgaria,Clothes,Online,L,2010-08-27,880999934,2010-09-16,6313,109.28,35.84,689884.64,226257.92,463626.72,2526,20,2010-08-27,Clothes,109.28,6313,CUST-022,NONE,Sample City A,0.0
Middle East and North Africa,Algeria,Personal Care,Online,H,2011-02-20,127468717,2011-03-09,9681,81.73,56.67,791228.13,548622.27,242605.86,2349,17,2011-02-20,Personal Care,81.73,9681,CUST-023,SAVE10,Sample City B,0.1
Asia,Mongolia,Clothes,Online,L,2015-12-12,770478332,2016-01-24,515,109.28,35.84,56279.2,18457.6,37821.6,593,43,2015-12-12,Clothes,109.28,515,CUST-024,SAVE20,Sample City C,0.2
Central America and the Caribbean,Grenada,Cereal,Online,H,2012-10-28,430390107,2012-11-13,852,205.7,117.11,175256.4,99777.72,75478.68,1733,16,2012-10-28,Cereal,205.7,852,CUST-025,NONE,Sample City A,0.0
Central America and the Caribbean,Grenada,Beverages,Online,M,2017-01-30,397877871,2017-03-20,9759,47.45,31.79,463064.55,310238.61,152825.94,178,49,2017-01-30,Beverages,47.45,9759,CUST-026,SAVE10,Sample City B,0.1
Sub-Saharan Africa,Senegal,Beverages,Offline,M,2014-10-22,683927953,2014-11-04,8334,47.45,31.79,395448.3,264937.86,130510.44,1009,13,2014-10-22,Beverages,47.45,8334,CUST-027,SAVE20,Sample City C,0.2
North America,Greenland,Fruits,Offline,M,2012-01-31,469839179,2012-02-22,4709,9.33,6.92,43934.97,32586.28,11348.69,2004,22,2012-01-31,Fruits,9.33,4709,CUST-028,NONE,Sample City A,0.0
Sub-Saharan Africa,Chad,Meat,Offline,H,2016-01-20,357222878,2016-03-09,9043,421.89,364.69,3815151.27,3297891.67,517259.6,554,49,2016-01-20,Meat,421.89,9043,CUST-029,SAVE10,Sample City B,0.1
Sub-Saharan Africa,Mauritius,Personal Care,Online,C,2016-01-01,118002879,2016-01-07,8529,81.73,56.67,697075.17,483338.43,213736.74,573,6,2016-01-01,Personal Care,81.73,8529,CUST-030,SAVE20,Sample City C,0.2
Middle East and North Africa,Morocco,Beverages,Offline,C,2017-06-01,944415509,2017-06-23,2391,47.45,31.79,113452.95,76009.89,37443.06,56,22,2017-06-01,Beverages,47.45,2391,CUST-031,NONE,Sample City A,0.0
Central America and the Caribbean,Honduras,Office Supplies,Online,H,2015-06-30,499009597,2015-07-09,6884,651.21,524.96,4482929.64,3613824.64,869105.0,758,9,2015-06-30,Office Supplies,651.21,6884,CUST-032,SAVE10,Sample City B,0.1
Sub-Saharan Africa,Benin,Fruits,Online,L,2014-01-28,564646470,2014-03-16,293,9.33,6.92,2733.69,2027.56,706.13,1276,47,2014-01-28,Fruits,9.33,293,CUST-033,SAVE20,Sample City C,0.2
Europe,Greece,Baby Food,Offline,M,2014-04-08,294499957,2014-04-08,7937,255.28,159.42,2026157.36,1265316.54,760840.82,1206,0,2014-04-08,Baby Food,255.28,7937,CUST-034,NONE,Sample City A,0.0
Central America and the Caribbean,Jamaica,Beverages,Offline,L,2010-09-04,262056386,2010-10-24,7163,47.45,31.79,339884.35,227711.77,112172.58,2518,50,2010-09-04,Beverages,47.45,7163,CUST-035,SAVE10,Sample City B,0.1
Sub-Saharan Africa,Equatorial Guinea,Office Supplies,Online,M,2010-05-02,211114585,2010-05-14,2352,651.21,524.96,1531645.92,1234705.92,296940.0,2643,12,2010-05-02,Office Supplies,651.21,2352,CUST-036,SAVE20,Sample City C,0.2
Sub-Saharan Africa,Swaziland,Office Supplies,Offline,H,2013-10-03,405785882,2013-10-22,9915,651.21,524.96,6456747.15,5204978.4,1251768.75,1393,19,2013-10-03,Office Supplies,651.21,9915,CUST-037,NONE,Sample City A,0.0
Central America and the Caribbean,Trinidad and Tobago,Vegetables,Offline,M,2011-03-06,280494105,2011-04-14,3294,154.06,90.93,507473.64,299523.42,207950.22,2335,39,2011-03-06,Vegetables,154.06,3294,CUST-038,SAVE10,Sample City B,0.1
Europe,Sweden,Baby Food,Online,L,2016-08-07,689975583,2016-08-12,7963,255.28,159.42,2032794.64,1269461.46,763333.18,354,5,2016-08-07,Baby Food,255.28,7963,CUST-039,SAVE20,Sample City C,0.2
Europe,Belarus,Office Supplies,Online,L,2011-01-11,759279143,2011-02-18,6426,651.21,524.96,4184675.46,3373392.96,811282.5,2389,38,2011-01-11,Office Supplies,651.21,6426,CUST-040,NONE,Sample City A,0.0
Sub-Saharan Africa,Guinea-Bissau,Office Supplies,Offline,C,2014-05-21,133766114,2014-06-12,3221,651.21,524.96,2097547.41,1690896.16,406651.25,1163,22,2014-05-21,Office Supplies,651.21,3221,CUST-041,SAVE10,Sample City B,0.1
Asia,Mongolia,Beverages,Online,M,2013-08-03,329110324,2013-09-02,9913,47.45,31.79,470371.85,315134.27,155237.58,1454,30,2013-08-03,Beverages,47.45,9913,CUST-042,SAVE20,Sample City C,0.2
Middle East and North Africa,Turkey,Meat,Online,L,2011-10-05,681298100,2011-11-20,103,421.89,364.69,43454.67,37563.07,5891.6,2122,46,2011-10-05,Meat,421.89,103,CUST-043,NONE,Sample City A,0.0
Sub-Saharan Africa,Central African Republic,Snacks,Offline,L,2016-11-15,596628272,2016-12-30,4419,152.58,97.44,674251.02,430587.36,243663.66,254,45,2016-11-15,Snacks,152.58,4419,CUST-044,SAVE10,Sample City B,0.1
Sub-Saharan Africa,Equatorial Guinea,Office Supplies,Offline,L,2015-04-03,901712167,2015-04-17,5523,651.21,524.96,3596632.83,2899354.08,697278.75,846,14,2015-04-03,Office Supplies,651.21,5523,CUST-045,SAVE20,Sample City C,0.2
Asia,Laos,Beverages,Online,M,2013-03-22,693473613,2013-04-21,3107,47.45,31.79,147427.15,98771.53,48655.62,1588,30,2013-03-22,Beverages,47.45,3107,CUST-046,NONE,Sample City A,0.0
Europe,Armenia,Meat,Online,C,2010-08-02,489148938,2010-09-01,8896,421.89,364.69,3753133.44,3244282.24,508851.2,2551,30,2010-08-02,Meat,421.89,8896,CUST-047,SAVE10,Sample City B,0.1
Europe,Greece,Household,Online,L,2012-01-05,876286971,2012-02-15,1643,668.27,502.54,1097967.61,825673.22,272294.39,2030,41,2012-01-05,Household,668.27,1643,CUST-048,SAVE20,Sample City C,0.2
Middle East and North Africa,Israel,Personal Care,Offline,H,2015-08-26,262749040,2015-08-30,2135,81.73,56.67,174493.55,120990.45,53503.1,701,4,2015-08-26,Personal Care,81.73,2135,CUST-049,NONE,Sample City A,0.0
Asia,Bhutan,Meat,Online,H,2016-12-09,726708972,2017-01-26,8189,421.89,364.69,3454857.21,2986446.41,468410.8,230,48,2016-12-09,Meat,421.89,8189,CUST-050,SAVE10,Sample City B,0.1
Australia and Oceania,Vanuatu,Vegetables,Online,L,2012-05-17,366653096,2012-05-31,9654,154.06,90.93,1487295.24,877838.22,609457.02,1897,14,2012-05-17,Vegetables,154.06,9654,CUST-051,SAVE20,Sample City C,0.2
Sub-Saharan Africa,Burundi,Vegetables,Online,M,2010-11-17,951380240,2010-12-20,3410,154.06,90.93,525344.6,310071.3,215273.3,2444,33,2010-11-17,Vegetables,154.06,3410,CUST-052,NONE,Sample City A,0.0
Europe,Ukraine,Cosmetics,Online,M,2014-11-13,270001733,2015-01-01,8368,437.2,263.33,3658489.6,2203545.44,1454944.16,987,49,2014-11-13,Cosmetics,437.2,8368,CUST-053,SAVE10,Sample City B,0.1
Europe,Croatia,Beverages,Online,C,2016-06-16,681941401,2016-07-28,470,47.45,31.79,22301.5,14941.3,7360.2,406,42,2016-06-16,Beverages,47.45,470,CUST-054,SAVE20,Sample City C,0.2
Sub-Saharan Africa,Madagascar,Fruits,Online,L,2016-05-31,566935575,2016-06-07,7690,9.33,6.92,71747.7,53214.8,18532.9,422,7,2016-05-31,Fruits,9.33,7690,CUST-055,NONE,Sample City A,0.0
Asia,Malaysia,Snacks,Offline,M,2012-10-06,175033080,2012-11-05,5033,152.58,97.44,767935.14,490415.52,277519.62,1755,30,2012-10-06,Snacks,152.58,5033,CUST-056,SAVE10,Sample City B,0.1
Asia,Uzbekistan,Office Supplies,Offline,L,2012-03-10,276595246,2012-03-15,9535,651.21,524.96,6209287.35,5005493.6,1203793.75,1965,5,2012-03-10,Office Supplies,651.21,9535,CUST-057,SAVE20,Sample City C,0.2
Europe,Italy,Office Supplies,Online,M,2011-01-26,812295901,2011-02-13,5263,651.21,524.96,3427318.23,2762864.48,664453.75,2374,18,2011-01-26,Office Supplies,651.21,5263,CUST-058,NONE,Sample City A,0.0
Asia,Nepal,Vegetables,Offline,C,2014-06-02,443121373,2014-06-19,8316,154.06,90.93,1281162.96,756173.88,524989.08,1151,17,2014-06-02,Vegetables,154.06,8316,CUST-059,SAVE10,Sample City B,0.1
Australia and Oceania,Fiji,Personal Care,Offline,H,2016-12-17,600370490,2017-01-25,1824,81.73,56.67,149075.52,103366.08,45709.44,222,39,2016-12-17,Personal Care,81.73,1824,CUST-060,SAVE20,Sample City C,0.2
Europe,Portugal,Office Supplies,Online,L,2014-06-27,535654580,2014-07-29,949,651.21,524.96,617998.29,498187.04,119811.25,1126,32,2014-06-27,Office Supplies,651.21,949,CUST-061,NONE,Sample City A,0.0
Central America and the Caribbean,Panama,Cosmetics,Offline,H,2015-03-17,470897471,2015-04-22,7881,437.2,263.33,3445573.2,2075303.73,1370269.47,863,36,2015-03-17,Cosmetics,437.2,7881,CUST-062,SAVE10,Sample City B,0.1
Europe,Belarus,Beverages,Offline,L,2013-04-03,248335492,2013-04-04,6846,47.45,31.79,324842.7,217634.34,107208.36,1576,1,2013-04-03,Beverages,47.45,6846,CUST-063,SAVE20,Sample City C,0.2
Sub-Saharan Africa,Botswana,Clothes,Offline,C,2015-03-08,680517470,2015-03-25,9097,109.28,35.84,994120.16,326036.48,668083.68,872,17,2015-03-08,Clothes,109.28,9097,CUST-064,NONE,Sample City A,0.0
Sub-Saharan Africa,Tanzania,Personal Care,Online,M,2013-06-21,400304734,2013-07-29,7921,81.73,56.67,647383.33,448883.07,198500.26,1497,38,2013-06-21,Personal Care,81.73,7921,CUST-065,SAVE10,Sample City B,0.1
Europe,Romania,Office Supplies,Offline,C,2013-01-06,810871112,2013-01-08,3636,651.21,524.96,2367799.56,1908754.56,459045.0,1663,2,2013-01-06,Office Supplies,651.21,3636,CUST-066,SAVE20,Sample City C,0.2
Sub-Saharan Africa,Mali,Cereal,Online,L,2012-03-17,235702931,2012-04-03,8590,205.7,117.11,1766963.0,1005974.9,760988.1,1958,17,2012-03-17,Cereal,205.7,8590,CUST-067,NONE,Sample City A,0.0
Sub-Saharan Africa,Central African Republic,Office Supplies,Offline,C,2014-04-18,668599021,2014-05-12,2163,651.21,524.96,1408567.23,1135488.48,273078.75,1196,24,2014-04-18,Office Supplies,651.21,2163,CUST-068,SAVE10,Sample City B,0.1
Sub-Saharan Africa,Niger,Baby Food,Online,M,2016-01-03,123670709,2016-02-01,5766,255.28,159.42,1471944.48,919215.72,552728.76,571,29,2016-01-03,Baby Food,255.28,5766,CUST-069,SAVE20,Sample City C,0.2
Europe,Austria,Office Supplies,Online,L,2011-05-12,285341823,2011-06-08,7841,651.21,524.96,5106137.61,4116211.36,989926.25,2268,27,2011-05-12,Office Supplies,651.21,7841,CUST-070,NONE,Sample City A,0.0
Asia,India,Fruits,Online,H,2010-07-29,658348691,2010-08-22,8862,9.33,6.92,82682.46,61325.04,21357.42,2555,24,2010-07-29,Fruits,9.33,8862,CUST-071,SAVE10,Sample City B,0.1
Europe,Luxembourg,Baby Food,Offline,L,2013-08-02,817740142,2013-08-19,6335,255.28,159.42,1617198.8,1009925.7,607273.1,1455,17,2013-08-02,Baby Food,255.28,6335,CUST-072,SAVE20,Sample City C,0.2
Sub-Saharan Africa,Cape Verde,Beverages,Offline,H,2013-10-23,858877503,2013-11-06,9794,47.45,31.79,464725.3,311351.26,153374.04,1373,14,2013-10-23,Beverages,47.45,9794,CUST-073,NONE,Sample City A,0.0
Europe,Sweden,Vegetables,Offline,M,2017-02-05,947434604,2017-02-19,5808,154.06,90.93,894780.48,528121.44,366659.04,172,14,2017-02-05,Vegetables,154.06,5808,CUST-074,SAVE10,Sample City B,0.1
Europe,Iceland,Meat,Offline,H,2015-03-20,869397771,2015-04-17,2975,421.89,364.69,1255122.75,1084952.75,170170.0,860,28,2015-03-20,Meat,421.89,2975,CUST-075,SAVE20,Sample City C,0.2
Middle East and North Africa,Qatar,Personal Care,Offline,L,2012-05-06,481065833,2012-05-08,6925,81.73,56.67,565980.25,392439.75,173540.5,1908,2,2012-05-06,Personal Care,81.73,6925,CUST-076,NONE,Sample City A,0.0
Sub-Saharan Africa,South Sudan,Meat,Online,C,2013-09-30,159050118,2013-10-01,5319,421.89,364.69,2244032.91,1939786.11,304246.8,1396,1,2013-09-30,Meat,421.89,5319,CUST-077,SAVE10,Sample City B,0.1
Europe,United Kingdom,Office Supplies,Online,M,2014-05-20,350274455,2014-06-14,2850,651.21,524.96,1855948.5,1496136.0,359812.5,1164,25,2014-05-20,Office Supplies,651.21,2850,CUST-078,SAVE20,Sample City C,0.2
Middle East and North Africa,Tunisia,Cereal,Online,L,2010-04-09,221975171,2010-05-17,6241,205.7,117.11,1283773.7,730883.51,552890.19,2666,38,2010-04-09,Cereal,205.7,6241,CUST-079,NONE,Sample City A,0.0
North America,United States of America,Office Supplies,Online,C,2017-06-09,811701095,2017-07-19,9247,651.21,524.96,6021738.87,4854305.12,1167433.75,48,40,2017-06-09,Office Supplies,651.21,9247,CUST-080,SAVE10,Sample City B,0.1
Sub-Saharan Africa,Liberia,Cereal,Online,L,2015-02-08,977313554,2015-03-29,7653,205.7,117.11,1574222.1,896242.83,677979.27,900,49,2015-02-08,Cereal,205.7,7653,CUST-081,SAVE20,Sample City C,0.2
Sub-Saharan Africa,Eritrea,Snacks,Offline,L,2010-01-25,546986377,2010-02-10,4279,152.58,97.44,652889.82,416945.76,235944.06,2740,16,2010-01-25,Snacks,152.58,4279,CUST-082,NONE,Sample City A,0.0
Asia,South Korea,Fruits,Offline,L,2010-03-07,769205892,2010-03-17,3972,9.33,6.92,37058.76,27486.24,9572.52,2699,10,2010-03-07,Fruits,9.33,3972,CUST-083,SAVE10,Sample City B,0.1
Sub-Saharan Africa,Kenya,Clothes,Offline,M,2013-01-03,262770926,2013-02-08,8611,109.28,35.84,941010.08,308618.24,632391.84,1666,36,2013-01-03,Clothes,109.28,8611,CUST-084,SAVE20,Sample City C,0.2
Sub-Saharan Africa,Rwanda,Snacks,Online,M,2017-03-06,866792809,2017-03-18,2109,152.58,97.44,321791.22,205500.96,116290.26,143,12,2017-03-06,Snacks,152.58,2109,CUST-085,NONE,Sample City A,0.0
Central America and the Caribbean,Cuba,Beverages,Offline,C,2011-01-09,890695369,2011-02-23,5408,47.45,31.79,256609.6,171920.32,84689.28,2391,45,2011-01-09,Beverages,47.45,5408,CUST-086,SAVE10,Sample City B,0.1
Middle East and North Africa,Libya,Cereal,Offline,M,2014-03-27,964214932,2014-03-31,1480,205.7,117.11,304436.0,173322.8,131113.2,1218,4,2014-03-27,Cereal,205.7,1480,CUST-087,SAVE20,Sample City C,0.2
Europe,Czech Republic,Snacks,Online,C,2013-06-28,887400329,2013-08-17,332,152.58,97.44,50656.56,32350.08,18306.48,1490,50,2013-06-28,Snacks,152.58,332,CUST-088,NONE,Sample City A,0.0
Europe,Montenegro,Beverages,Offline,M,2011-09-04,980612885,2011-09-04,3999,47.45,31.79,189752.55,127128.21,62624.34,2153,0,2011-09-04,Beverages,47.45,3999,CUST-089,SAVE10,Sample City B,0.1
Europe,Montenegro,Clothes,Offline,M,2016-07-14,734526431,2016-08-02,1549,109.28,35.84,169274.72,55516.16,113758.56,378,19,2016-07-14,Clothes,109.28,1549,CUST-090,SAVE20,Sample City C,0.2
Asia,Philippines,Baby Food,Online,L,2014-02-23,160127294,2014-03-23,4079,255.28,159.42,1041287.12,650274.18,391012.94,1250,28,2014-02-23,Baby Food,255.28,4079,CUST-091,NONE,Sample City A,0.0
Central America and the Caribbean,El Salvador,Clothes,Offline,L,2010-08-07,238714301,2010-09-13,9721,109.28,35.84,1062310.88,348400.64,713910.24,2546,37,2010-08-07,Clothes,109.28,9721,CUST-092,SAVE10,Sample City B,0.1
Australia and Oceania,Tonga,Household,Online,M,2013-01-14,671898782,2013-02-06,8635,668.27,502.54,5770511.45,4339432.9,1431078.55,1655,23,2013-01-14,Household,668.27,8635,CUST-093,SAVE20,Sample City C,0.2
Sub-Saharan Africa,Democratic Republic of the Congo,Personal Care,Offline,H,2010-09-30,331604564,2010-11-17,8014,81.73,56.67,654984.22,454153.38,200830.84,2492,48,2010-09-30,Personal Care,81.73,8014,CUST-094,NONE,Sample City A,0.0
Middle East and North Africa,Afghanistan,Cereal,Online,M,2016-10-13,410067975,2016-11-20,7081,205.7,117.11,1456561.7,829255.91,627305.79,287,38,2016-10-13,Cereal,205.7,7081,CUST-095,SAVE10,Sample City B,0.1
Australia and Oceania,Tuvalu,Snacks,Offline,L,2011-03-16,369837844,2011-03-23,2091,152.58,97.44,319044.78,203747.04,115297.74,2325,7,2011-03-16,Snacks,152.58,2091,CUST-096,SAVE20,Sample City C,0.2
Sub-Saharan Africa,Sudan,Fruits,Online,L,2012-12-26,193775498,2013-01-31,1331,9.33,6.92,12418.23,9210.52,3207.71,1674,36,2012-12-26,Fruits,9.33,1331,CUST-097,NONE,Sample City A,0.0
Sub-Saharan Africa,Niger,Clothes,Online,M,2015-09-02,835054767,2015-10-09,117,109.28,35.84,12785.76,4193.28,8592.48,694,37,2015-09-02,Clothes,109.28,117,CUST-098,SAVE10,Sample City B,0.1
Sub-Saharan Africa,Gabon,Household,Offline,C,2013-11-11,167161977,2013-12-24,5798,668.27,502.54,3874629.46,2913726.92,960902.54,1354,43,2013-11-11,Household,668.27,5798,CUST-099,SAVE20,Sample City C,0.2
Australia and Oceania,East Timor,Vegetables,Offline,C,2014-08-04,633895957,2014-08-22,2755,154.06,90.93,424435.3,250512.15,173923.15,1088,18,2014-08-04,Vegetables,154.06,2755,CUST-100,NONE,Sample City A,0.0
North America,United States of America,Clothes,Offline,C,2010-10-21,699368035,2010-12-07,7398,109.28,35.84,808453.44,265144.32,543309.12,2471,47,2010-10-21,Clothes,109.28,7398,CUST-001,SAVE10,Sample City B,0.1
Middle East and North Africa,Jordan,Vegetables,Offline,L,2015-06-13,698002040,2015-07-29,3170,154.06,90.93,488370.2,288248.1,200122.1,775,46,2015-06-13,Vegetables,154.06,3170,CUST-002,SAVE20,Sample City C,0.2
Europe,Cyprus,Snacks,Offline,H,2012-03-29,584534299,2012-05-18,5544,152.58,97.44,845903.52,540207.36,305696.16,1946,50,2012-03-29,Snacks,152.58,5544,CUST-003,NONE,Sample City A,0.0
Sub-Saharan Africa,Malawi,Vegetables,Online,L,2012-06-22,384013640,2012-07-19,7025,154.06,90.93,1082271.5,638783.25,443488.25,1861,27,2012-06-22,Vegetables,154.06,7025,CUST-004,SAVE10,Sample City B,0.1
Europe,Iceland,Personal Care,Online,M,2013-05-10,641801393,2013-05-24,2149,81.73,56.67,175637.77,121783.83,53853.94,1539,14,2013-05-10,Personal Care,81.73,2149,CUST-005,SAVE20,Sample City C,0.2
Middle East and North Africa,Israel,Personal Care,Online,M,2016-12-10,173571383,2017-01-11,2484,81.73,56.67,203017.32,140768.28,62249.04,229,32,2016-12-10,Personal Care,81.73,2484,CUST-006,NONE,Sample City A,0.0
Middle East and North Africa,United Arab Emirates,Snacks,Offline,H,2011-03-20,115309941,2011-04-06,1629,152.58,97.44,248552.82,158729.76,89823.06,2321,17,2011-03-20,Snacks,152.58,1629,CUST-007,SAVE10,Sample City B,0.1
Asia,China,Cosmetics,Offline,L,2011-09-22,773315894,2011-11-04,213,437.2,263.33,93123.6,56089.29,37034.31,2135,43,2011-09-22,Cosmetics,437.2,213,CUST-008,SAVE20,Sample City C,0.2
Sub-Saharan Africa,Kenya,Beverages,Online,M,2012-05-11,274200570,2012-06-26,897,47.45,31.79,42562.65,28515.63,14047.02,1903,46,2012-05-11,Beverages,47.45,897,CUST-009,NONE,Sample City A,0.0
Middle East and North Africa,Somalia,Clothes,Offline,M,2011-11-15,414887797,2011-11-17,3374,109.28,35.84,368710.72,120924.16,247786.56,2081,2,2011-11-15,Clothes,109.28,3374,CUST-010,SAVE10,Sample City B,0.1
Australia and Oceania,Tonga,Beverages,Offline,L,2010-01-27,812613904,2010-01-29,9367,47.45,31.79,444464.15,297776.93,146687.22,2738,2,2010-01-27,Beverages,47.45,9367,CUST-011,SAVE20,Sample City C,0.2
Asia,Bangladesh,Baby Food,Online,H,2011-08-17,254927718,2011-09-07,7632,255.28,159.42,1948296.96,1216693.44,731603.52,2171,21,2011-08-17,Baby Food,255.28,7632,CUST-012,NONE,Sample City A,0.0
Middle East and North Africa,Egypt,Beverages,Offline,M,2014-09-06,749690568,2014-10-26,8954,47.45,31.79,424867.3,284647.66,140219.64,1055,50,2014-09-06,Beverages,47.45,8954,CUST-013,SAVE10,Sample City B,0.1
Sub-Saharan Africa,Eritrea,Cereal,Offline,C,2014-09-03,775076282,2014-09-19,1150,205.7,117.11,236555.0,134676.5,101878.5,1058,16,2014-09-03,Cereal,205.7,1150,CUST-014,SAVE20,Sample City C,0.2
Sub-Saharan Africa,Swaziland,Office Supplies,Online,H,2015-09-05,229571187,2015-09-18,4071,651.21,524.96,2651075.91,2137112.16,513963.75,691,13,2015-09-05,Office Supplies,651.21,4071,CUST-015,NONE,Sample City A,0.0
Asia,Vietnam,Baby Food,Online,C,2011-06-20,881974112,2011-07-11,4594,255.28,159.42,1172756.32,732375.48,440380.84,2229,21,2011-06-20,Baby Food,255.28,4594,CUST-016,SAVE10,Sample City B,0.1
Australia and Oceania,Marshall Islands,Snacks,Online,L,2012-01-12,521396386,2012-02-14,1632,152.58,97.44,249010.56,159022.08,89988.48,2023,33,2012-01-12,Snacks,152.58,1632,CUST-017,SAVE20,Sample City C,0.2
Asia,Taiwan,Household,Online,C,2017-01-23,607261836,2017-02-22,1127,668.27,502.54,753140.29,566362.58,186777.71,185,30,2017-01-23,Household,668.27,1127,CUST-018,NONE,Sample City A,0.0
Europe,Ireland,Vegetables,Online,M,2012-03-04,419306790,2012-03-12,1052,154.06,90.93,162071.12,95658.36,66412.76,1971,8,2012-03-04,Vegetables,154.06,1052,CUST-019,SAVE10,Sample City B,0.1
Sub-Saharan Africa,Rwanda,Meat,Offline,H,2010-07-18,207580077,2010-07-18,6413,421.89,364.69,2705580.57,2338756.97,366823.6,2566,0,2010-07-18,Meat,421.89,6413,CUST-020,SAVE20,Sample City C,0.2
Europe,Sweden,Snacks,Online,M,2011-04-12,742443025,2011-04-15,4245,152.58,97.44,647702.1,413632.8,234069.3,2298,3,2011-04-12,Snacks,152.58,4245,CUST-021,NONE,Sample City A,0.0
Sub-Saharan Africa,Gabon,Snacks,Offline,M,2010-10-03,164569461,2010-10-05,8615,152.58,97.44,1314476.7,839445.6,475031.1,2489,2,2010-10-03,Snacks,152.58,8615,CUST-022,SAVE10,Sample City B,0.1
Sub-Saharan Africa,South Africa,Baby Food,Online,L,2013-12-29,734945714,2014-02-12,5624,255.28,159.42,1435694.72,896578.08,539116.64,1306,45,2013-12-29,Baby Food,255.28,5624,CUST-023,SAVE20,Sample City C,0.2
Europe,United Kingdom,Clothes,Offline,C,2015-09-19,284870612,2015-10-07,8399,109.28,35.84,917842.72,301020.16,616822.56,677,18,2015-09-19,Clothes,109.28,8399,CUST-024,NONE,Sample City A,0.0
Europe,Albania,Fruits,Offline,M,2011-09-17,765955483,2011-10-07,2104,9.33,6.92,19630.32,14559.68,5070.64,2140,20,2011-09-17,Fruits,9.33,2104,CUST-025,SAVE10,Sample City B,0.1
Asia,Malaysia,Snacks,Offline,H,2010-03-11,600124156,2010-04-21,8929,152.58,97.44,1362386.82,870041.76,492345.06,2695,41,2010-03-11,Snacks,152.58,8929,CUST-026,SAVE20,Sample City C,0.2
Sub-Saharan Africa,Ghana,Household,Offline,L,2012-11-10,529612958,2012-12-11,3098,668.27,502.54,2070300.46,1556868.92,513431.54,1720,31,2012-11-10,Household,668.27,3098,CUST-027,NONE,Sample City A,0.0
Central America and the Caribbean,Cuba,Clothes,Offline,H,2011-02-16,466970717,2011-03-18,5867,109.28,35.84,641145.76,210273.28,430872.48,2353,30,2011-02-16,Clothes,109.28,5867,CUST-028,SAVE10,Sample City B,0.1
Central America and the Caribbean,Saint Lucia,Cosmetics,Online,C,2012-08-13,845058763,2012-09-22,522,437.2,263.33,228218.4,137458.26,90760.14,1809,40,2012-08-13,Cosmetics,437.2,522,CUST-029,SAVE20,Sample City C,0.2
Europe,Romania,Snacks,Offline,L,2014-08-28,367050921,2014-08-31,7379,152.58,97.44,1125887.82,719009.76,406878.06,1064,3,2014-08-28,Snacks,152.58,7379,CUST-030,NONE,Sample City A,0.0
Europe,Portugal,Office Supplies,Online,L,2015-08-19,956433522,2015-09-12,8788,651.21,524.96,5722833.48,4613348.48,1109485.0,708,24,2015-08-19,Office Supplies,651.21,8788,CUST-031,SAVE10,Sample City B,0.1
Europe,Macedonia,Beverages,Online,C,2011-03-20,107005393,2011-05-04,4129,47.45,31.79,195921.05,131260.91,64660.14,2321,45,2011-03-20,Beverages,47.45,4129,CUST-032,SAVE20,Sample City C,0.2
Asia,China,Beverages,Offline,C,2013-04-16,332877862,2013-05-07,4811,47.45,31.79,228281.95,152941.69,75340.26,1563,21,2013-04-16,Beverages,47.45,4811,CUST-033,NONE,Sample City A,0.0
Europe,Germany,Baby Food,Online,L,2015-11-13,618474757,2015-12-31,9279,255.28,159.42,2368743.12,1479258.18,889484.94,622,48,2015-11-13,Baby Food,255.28,9279,CUST-034,SAVE10,Sample City B,0.1
Europe,Ireland,Household,Online,M,2014-01-10,468532407,2014-02-11,8006,668.27,502.54,5350169.62,4023335.24,1326834.38,1294,32,2014-01-10,Household,668.27,8006,CUST-035,SAVE20,Sample City C,0.2
Europe,Poland,Office Supplies,Offline,M,2015-04-09,358099639,2015-04-29,8496,651.21,524.96,5532680.16,4460060.16,1072620.0,840,20,2015-04-09,Office Supplies,651.21,8496,CUST-036,NONE,Sample City A,0.0
Sub-Saharan Africa,Namibia,Household,Online,H,2013-01-07,382537782,2013-01-27,285,668.27,502.54,190456.95,143223.9,47233.05,1662,20,2013-01-07,Household,668.27,285,CUST-037,SAVE10,Sample City B,0.1
Asia,Uzbekistan,Personal Care,Offline,H,2013-02-12,707520663,2013-03-15,9942,81.73,56.67,812559.66,563413.14,249146.52,1626,31,2013-02-12,Personal Care,81.73,9942,CUST-038,SAVE20,Sample City C,0.2
Sub-Saharan Africa,Zimbabwe,Meat,Online,M,2014-11-28,219034612,2014-12-10,6064,421.89,364.69,2558340.96,2211480.16,346860.8,972,12,2014-11-28,Meat,421.89,6064,CUST-039,NONE,Sample City A,0.0
Asia,Mongolia,Meat,Offline,M,2015-01-03,573378455,2015-01-17,4281,421.89,364.69,1806111.09,1561237.89,244873.2,936,14,2015-01-03,Meat,421.89,4281,CUST-040,SAVE10,Sample City B,0.1
Europe,Norway,Personal Care,Online,H,2011-02-03,347163522,2011-03-22,2256,81.73,56.67,184382.88,127847.52,56535.36,2366,47,2011-02-03,Personal Care,81.73,2256,CUST-041,SAVE20,Sample City C,0.2
Middle East and North Africa,Oman,Snacks,Offline,M,2013-04-09,887313640,2013-04-21,4679,152.58,97.44,713921.82,455921.76,258000.06,1570,12,2013-04-09,Snacks,152.58,4679,CUST-042,NONE,Sample City A,0.0
Europe,Serbia,Cosmetics,Online,H,2017-07-26,461065137,2017-08-19,8275,437.2,263.33,3617830.0,2179055.75,1438774.25,1,24,2017-07-26,Cosmetics,437.2,8275,CUST-043,SAVE10,Sample City B,0.1
Sub-Saharan Africa,Democratic Republic of the Congo,Fruits,Offline,H,2017-04-15,105966842,2017-05-19,6798,9.33,6.92,63425.34,47042.16,16383.18,103,34,2017-04-15,Fruits,9.33,6798,CUST-044,SAVE20,Sample City C,0.2
Europe,Bulgaria,Baby Food,Online,M,2014-05-16,479880082,2014-05-23,6035,255.28,159.42,1540614.8,962099.7,578515.1,1168,7,2014-05-16,Baby Food,255.28,6035,CUST-045,NONE,Sample City A,0.0
Asia,Brunei,Baby Food,Online,H,2015-08-12,510978686,2015-09-30,8803,255.28,159.42,2247229.84,1403374.26,843855.58,715,49,2015-08-12,Baby Food,255.28,8803,CUST-046,SAVE10,Sample City B,0.1
Europe,Serbia,Snacks,Offline,C,2013-09-20,547748982,2013-10-14,9951,152.58,97.44,1518323.58,969625.44,548698.14,1406,24,2013-09-20,Snacks,152.58,9951,CUST-047,SAVE20,Sample City C,0.2
Sub-Saharan Africa,Ghana,Cereal,Offline,M,2013-10-31,108989799,2013-12-09,1358,205.7,117.11,279340.6,159035.38,120305.22,1365,39,2013-10-31,Cereal,205.7,1358,CUST-048,NONE,Sample City A,0.0
Sub-Saharan Africa,Malawi,Cereal,Offline,M,2014-07-30,133812463,2014-08-09,6936,205.7,117.11,1426735.2,812274.96,614460.24,1093,10,2014-07-30,Cereal,205.7,6936,CUST-049,SAVE10,Sample City B,0.1
Sub-Saharan Africa,Zimbabwe,Fruits,Offline,L,2011-11-12,731640803,2011-12-30,7627,9.33,6.92,71159.91,52778.84,18381.07,2084,48,2011-11-12,Fruits,9.33,7627,CUST-050,SAVE20,Sample City C,0.2
Europe,Cyprus,Snacks,Offline,C,2010-03-25,732211148,2010-04-14,6405,152.58,97.44,977274.9,624103.2,353171.7,2681,20,2010-03-25,Snacks,152.58,6405,CUST-051,NONE,Sample City A,0.0
Central America and the Caribbean,Nicaragua,Cereal,Online,M,2011-07-04,835572326,2011-08-08,3274,205.7,117.11,673461.8,383418.14,290043.66,2215,35,2011-07-04,Cereal,205.7,3274,CUST-052,SAVE10,Sample City B,0.1
Europe,Estonia,Baby Food,Offline,C,2011-01-01,462085664,2011-01-15,271,255.28,159.42,69180.88,43202.82,25978.06,2399,14,2011-01-01,Baby Food,255.28,271,CUST-053,SAVE20,Sample City C,0.2
Europe,Estonia,Clothes,Online,C,2016-06-16,902424991,2016-07-04,6463,109.28,35.84,706276.64,231633.92,474642.72,406,18,2016-06-16,Clothes,109.28,6463,CUST-054,NONE,Sample City A,0.0
Europe,Lithuania,Fruits,Offline,H,2013-12-17,367576634,2014-01-05,2949,9.33,6.92,27514.17,20407.08,7107.09,1318,19,2013-12-17,Fruits,9.33,2949,CUST-055,SAVE10,Sample City B,0.1
Sub-Saharan Africa,Republic of the Congo,Meat,Offline,H,2017-03-01,738839423,2017-03-31,7859,421.89,364.69,3315633.51,2866098.71,449534.8,148,30,2017-03-01,Meat,421.89,7859,CUST-056,SAVE20,Sample City C,0.2
Europe,Czech Republic,Baby Food,Online,C,2010-07-02,817824685,2010-07-27,1353,255.28,159.42,345393.84,215695.26,129698.58,2582,25,2010-07-02,Baby Food,255.28,1353,CUST-057,NONE,Sample City A,0.0
Sub-Saharan Africa,Cameroon,Snacks,Online,C,2013-07-16,376456248,2013-08-01,624,152.58,97.44,95209.92,60802.56,34407.36,1472,16,2013-07-16,Snacks,152.58,624,CUST-058,SAVE10,Sample City B,0.1
Asia,Vietnam,Office Supplies,Online,H,2016-08-16,606970441,2016-09-16,4897,651.21,524.96,3188975.37,2570729.12,618246.25,345,31,2016-08-16,Office Supplies,651.21,4897,CUST-059,SAVE20,Sample City C,0.2
Europe,Moldova,Meat,Offline,L,2014-12-16,971916091,2015-01-19,424,421.89,364.69,178881.36,154628.56,24252.8,954,34,2014-12-16,Meat,421.89,424,CUST-060,NONE,Sample City A,0.0
Middle East and North Africa,Bahrain,Office Supplies,Offline,L,2012-05-14,554154527,2012-05-15,5494,651.21,524.96,3577747.74,2884130.24,693617.5,1900,1,2012-05-14,Office Supplies,651.21,5494,CUST-061,SAVE10,Sample City B,0.1
Europe,Hungary,Household,Online,L,2017-07-18,306859576,2017-07-19,5423,668.27,502.54,3624028.21,2725274.42,898753.79,9,1,2017-07-18,Household,668.27,5423,CUST-062,SAVE20,Sample City C,0.2
Australia and Oceania,Marshall Islands,Personal Care,Offline,L,2017-07-09,803517568,2017-07-21,7559,81.73,56.67,617797.07,428368.53,189428.54,18,12,2017-07-09,Personal Care,81.73,7559,CUST-063,NONE,Sample City A,0.0
Middle East and North Africa,Iraq,Office Supplies,Online,C,2011-09-30,887927329,2011-10-02,6283,651.21,524.96,4091552.43,3298323.68,793228.75,2127,2,2011-09-30,Office Supplies,651.21,6283,CUST-064,SAVE10,Sample City B,0.1
Europe,Albania,Vegetables,Online,H,2015-11-24,824200189,2015-11-26,8006,154.06,90.93,1233404.36,727985.58,505418.78,611,2,2015-11-24,Vegetables,154.06,8006,CUST-065,SAVE20,Sample City C,0.2
Sub-Saharan Africa,Lesotho,Office Supplies,Online,H,2012-08-14,946759974,2012-09-14,6170,651.21,524.96,4017965.7,3239003.2,778962.5,1808,31,2012-08-14,Office Supplies,651.21,6170,CUST-066,NONE,Sample City A,0.0
Middle East and North Africa,Lebanon,Clothes,Offline,H,2015-12-06,310343015,2015-12-28,6249,109.28,35.84,682890.72,223964.16,458926.56,599,22,2015-12-06,Clothes,109.28,6249,CUST-067,SAVE10,Sample City B,0.1
Europe,Hungary,Vegetables,Online,C,2014-05-25,739998137,2014-07-09,748,154.06,90.93,115236.88,68015.64,47221.24,1159,45,2014-05-25,Vegetables,154.06,748,CUST-068,SAVE20,Sample City C,0.2
Asia,Japan,Beverages,Online,H,2012-10-18,981086671,2012-11-21,4203,47.45,31.79,199432.35,133613.37,65818.98,1743,34,2012-10-18,Beverages,47.45,4203,CUST-069,NONE,Sample City A,0.0
Europe,Georgia,Office Supplies,Offline,L,2013-03-13,749282443,2013-03-25,8180,651.21,524.96,5326897.8,4294172.8,1032725.0,1597,12,2013-03-13,Office Supplies,651.21,8180,CUST-070,SAVE10,Sample City B,0.1
Europe,Estonia,Office Supplies,Online,C,2011-02-23,280571782,2011-03-11,6280,651.21,524.96,4089598.8,3296748.8,792850.0,2346,16,2011-02-23,Office Supplies,651.21,6280,CUST-071,SAVE20,Sample City C,0.2
Europe,Luxembourg,Household,Online,C,2014-08-15,781253516,2014-09-01,9131,668.27,502.54,6101973.37,4588692.74,1513280.63,1077,17,2014-08-15,Household,668.27,9131,CUST-072,NONE,Sample City A,0.0
Sub-Saharan Africa,Swaziland,Personal Care,Online,H,2017-07-06,377938973,2017-07-11,9396,81.73,56.67,767935.08,532471.32,235463.76,21,5,2017-07-06,Personal Care,81.73,9396,CUST-073,SAVE10,Sample City B,0.1
Europe,Romania,Clothes,Offline,C,2010-12-31,867551982,2011-01-03,6765,109.28,35.84,739279.2,242457.6,496821.6,2400,3,2010-12-31,Clothes,109.28,6765,CUST-074,SAVE20,Sample City C,0.2
Sub-Saharan Africa,Ethiopia,Personal Care,Offline,C,2010-01-13,967328870,2010-01-15,2964,81.73,56.67,242247.72,167969.88,74277.84,2752,2,2010-01-13,Personal Care,81.73,2964,CUST-075,NONE,Sample City A,0.0
Sub-Saharan Africa,Chad,Office Supplies,Offline,C,2011-09-17,364818465,2011-10-16,6746,651.21,524.96,4393062.66,3541380.16,851682.5,2140,29,2011-09-17,Office Supplies,651.21,6746,CUST-076,SAVE10,Sample City B,0.1
Middle East and North Africa,Morocco,Office Supplies,Online,C,2014-03-08,167882096,2014-03-31,8898,651.21,524.96,5794466.58,4671094.08,1123372.5,1237,23,2014-03-08,Office Supplies,651.21,8898,CUST-077,SAVE20,Sample City C,0.2
North America,Mexico,Clothes,Online,H,2012-11-18,654693591,2012-12-01,7237,109.28,35.84,790859.36,259374.08,531485.28,1712,13,2012-11-18,Clothes,109.28,7237,CUST-078,NONE,Sample City A,0.0
Sub-Saharan Africa,Nigeria,Personal Care,Offline,H,2011-11-18,823739278,2011-12-29,1612,81.73,56.67,131748.76,91352.04,40396.72,2078,41,2011-11-18,Personal Care,81.73,1612,CUST-079,SAVE10,Sample City B,0.1
Central America and the Caribbean,Trinidad and Tobago,Beverages,Offline,L,2012-07-12,643817985,2012-08-19,8904,47.45,31.79,422494.8,283058.16,139436.64,1841,38,2012-07-12,Beverages,47.45,8904,CUST-080,SAVE20,Sample City C,0.2
Europe,Moldova,Personal Care,Offline,H,2017-03-30,604041039,2017-05-15,8022,81.73,56.67,655638.06,454606.74,201031.32,119,46,2017-03-30,Personal Care,81.73,8022,CUST-081,NONE,Sample City A,0.0
Australia and Oceania,Solomon Islands,Personal Care,Online,H,2010-07-26,363832271,2010-09-12,4909,81.73,56.67,401212.57,278193.03,123019.54,2558,48,2010-07-26,Personal Care,81.73,4909,CUST-082,SAVE10,Sample City B,0.1
Asia,India,Personal Care,Online,L,2015-12-24,102928006,2016-01-31,7539,81.73,56.67,616162.47,427235.13,188927.34,581,38,2015-12-24,Personal Care,81.73,7539,CUST-083,SAVE20,Sample City C,0.2
Sub-Saharan Africa,Burkina Faso,Office Supplies,Offline,M,2016-05-15,971377074,2016-05-15,917,651.21,524.96,597159.57,481388.32,115771.25,438,0,2016-05-15,Office Supplies,651.21,917,CUST-084,NONE,Sample City A,0.0
Australia and Oceania,Kiribati,Meat,Online,L,2010-11-03,139540803,2010-12-04,2079,421.89,364.69,877109.31,758190.51,118918.8,2458,31,2010-11-03,Meat,421.89,2079,CUST-085,SAVE10,Sample City B,0.1
Middle East and North Africa,Israel,Meat,Offline,M,2010-12-01,248093020,2010-12-16,5093,421.89,364.69,2148685.77,1857366.17,291319.6,2430,15,2010-12-01,Meat,421.89,5093,CUST-086,SAVE20,Sample City C,0.2
Sub-Saharan Africa,Comoros,Snacks,Offline,L,2014-01-16,858020055,2014-01-17,6056,152.58,97.44,924024.48,590096.64,333927.84,1288,1,2014-01-16,Snacks,152.58,6056,CUST-087,NONE,Sample City A,0.0
Middle East and North Africa,Iran,Baby Food,Offline,H,2014-12-11,700620734,2015-01-05,8099,255.28,159.42,2067512.72,1291142.58,776370.14,959,25,2014-12-11,Baby Food,255.28,8099,CUST-088,SAVE10,Sample City B,0.1
Asia,Vietnam,Cosmetics,Offline,L,2016-12-24,827506387,2017-01-30,6384,437.2,263.33,2791084.8,1681098.72,1109986.08,215,37,2016-12-24,Cosmetics,437.2,6384,CUST-089,SAVE20,Sample City C,0.2
Central America and the Caribbean,Belize,Household,Online,M,2013-03-21,560600841,2013-04-14,3101,668.27,502.54,2072305.27,1558376.54,513928.73,1589,24,2013-03-21,Household,668.27,3101,CUST-090,NONE,Sample City A,0.0
Europe,Belarus,Personal Care,Offline,H,2012-12-08,642140424,2013-01-16,2476,81.73,56.67,202363.48,140314.92,62048.56,1692,39,2012-12-08,Personal Care,81.73,2476,CUST-091,SAVE10,Sample City B,0.1
North America,United States of America,Baby Food,Offline,C,2015-02-13,984673964,2015-03-05,5763,255.28,159.42,1471178.64,918737.46,552441.18,895,20,2015-02-13,Baby Food,255.28,5763,CUST-092,SAVE20,Sample City C,0.2
Europe,Poland,Beverages,Online,L,2012-03-28,221062791,2012-04-18,6247,47.45,31.79,296420.15,198592.13,97828.02,1947,21,2012-03-28,Beverages,47.45,6247,CUST-093,NONE,Sample City A,0.0
North America,Canada,Vegetables,Offline,L,2016-10-07,654480731,2016-11-08,4247,154.06,90.93,654292.82,386179.71,268113.11,293,32,2016-10-07,Vegetables,154.06,4247,CUST-094,SAVE10,Sample City B,0.1
Middle East and North Africa,Israel,Beverages,Offline,C,2011-12-15,608414113,2011-12-23,2111,47.45,31.79,100166.95,67108.69,33058.26,2051,8,2011-12-15,Beverages,47.45,2111,CUST-095,SAVE20,Sample City C,0.2
Middle East and North Africa,Lebanon,Household,Online,L,2016-03-08,276661765,2016-04-20,9219,668.27,502.54,6160781.13,4632916.26,1527864.87,506,43,2016-03-08,Household,668.27,9219,CUST-096,NONE,Sample City A,0.0
Europe,Andorra,Baby Food,Online,L,2011-01-18,373335015,2011-02-28,6982,255.28,159.42,1782364.96,1113070.44,669294.52,2382,41,2011-01-18,Baby Food,255.28,6982,CUST-097,SAVE10,Sample City B,0.1
Europe,Slovakia,Clothes,Online,L,2013-04-11,782857692,2013-05-28,3843,109.28,35.84,419963.04,137733.12,282229.92,1568,47,2013-04-11,Clothes,109.28,3843,CUST-098,SAVE20,Sample City C,0.2
Sub-Saharan Africa,Liberia,Fruits,Online,H,2010-05-18,109966123,2010-06-05,274,9.33,6.92,2556.42,1896.08,660.34,2627,18,2010-05-18,Fruits,9.33,274,CUST-099,NONE,Sample City A,0.0
Central America and the Caribbean,Antigua and Barbuda,Cereal,Offline,M,2017-06-05,629709136,2017-06-06,3782,205.7,117.11,777957.4,442910.02,335047.38,52,1,2017-06-05,Cereal,205.7,3782,CUST-100,SAVE10,Sample City B,0.1
Asia,China,Personal Care,Online,L,2012-09-11,637448060,2012-09-15,3901,81.73,56.67,318828.73,221069.67,97759.06,1780,4,2012-09-11,Personal Care,81.73,3901,CUST-001,SAVE20,Sample City C,0.2
Sub-Saharan Africa,Niger,Baby Food,Online,H,2017-03-08,298856723,2017-04-03,7200,255.28,159.42,1838016.0,1147824.0,690192.0,141,26,2017-03-08,Baby Food,255.28,7200,CUST-002,NONE,Sample City A,0.0
Europe,United Kingdom,Household,Offline,L,2015-01-28,299921452,2015-02-23,2278,668.27,502.54,1522319.06,1144786.12,377532.94,911,26,2015-01-28,Household,668.27,2278,CUST-003,SAVE10,Sample City B,0.1
Asia,Bangladesh,Personal Care,Offline,M,2010-07-26,496941077,2010-07-29,4763,81.73,56.67,389279.99,269919.21,119360.78,2558,3,2010-07-26,Personal Care,81.73,4763,CUST-004,SAVE20,Sample City C,0.2
Asia,Myanmar,Snacks,Online,L,2016-06-24,366526925,2016-07-14,2317,152.58,97.44,353527.86,225768.48,127759.38,398,20,2016-06-24,Snacks,152.58,2317,CUST-005,NONE,Sample City A,0.0
Australia and Oceania,Tonga,Meat,Offline,M,2012-08-18,355602824,2012-09-15,9633,421.89,364.69,4064066.37,3513058.77,551007.6,1804,28,2012-08-18,Meat,421.89,9633,CUST-006,SAVE10,Sample City B,0.1
Sub-Saharan Africa,Guinea-Bissau,Vegetables,Online,C,2010-03-11,531405103,2010-04-19,3434,154.06,90.93,529042.04,312253.62,216788.42,2695,39,2010-03-11,Vegetables,154.06,3434,CUST-007,SAVE20,Sample City C,0.2
Australia and Oceania,Nauru,Vegetables,Offline,M,2010-01-14,131482589,2010-01-20,7475,154.06,90.93,1151598.5,679701.75,471896.75,2751,6,2010-01-14,Vegetables,154.06,7475,CUST-008,NONE,Sample City A,0.0
Sub-Saharan Africa,Swaziland,Cereal,Online,L,2014-02-10,713696610,2014-03-28,7542,205.7,117.11,1551389.4,883243.62,668145.78,1263,46,2014-02-10,Cereal,205.7,7542,CUST-009,SAVE10,Sample City B,0.1
Europe,Finland,Vegetables,Online,C,2014-01-21,306220996,2014-01-30,6452,154.06,90.93,993995.12,586680.36,407314.76,1283,9,2014-01-21,Vegetables,154.06,6452,CUST-010,SAVE20,Sample City C,0.2
Australia and Oceania,Papua New Guinea,Household,Offline,L,2010-02-28,157542073,2010-03-15,9055,668.27,502.54,6051184.85,4550499.7,1500685.15,2706,15,2010-02-28,Household,668.27,9055,CUST-011,NONE,Sample City A,0.0
Sub-Saharan Africa,Mauritius,Personal Care,Online,L,2015-02-18,686458671,2015-03-08,7230,81.73,56.67,590907.9,409724.1,181183.8,890,18,2015-02-18,Personal Care,81.73,7230,CUST-012,SAVE10,Sample City B,0.1
Sub-Saharan Africa,Mozambique,Office Supplies,Online,M,2012-06-14,132082116,2012-07-22,4888,651.21,524.96,3183114.48,2566004.48,617110.0,1869,38,2012-06-14,Office Supplies,651.21,4888,CUST-013,SAVE20,Sample City C,0.2
Europe,Bulgaria,Clothes,Online,L,2013-03-05,403836238,2013-04-03,2972,109.28,35.84,324780.16,106516.48,218263.68,1605,29,2013-03-05,Clothes,109.28,2972,CUST-014,NONE,Sample City A,0.0
Europe,Spain,Household,Online,C,2014-04-10,331457364,2014-04-23,4455,668.27,502.54,2977142.85,2238815.7,738327.15,1204,13,2014-04-10,Household,668.27,4455,CUST-015,SAVE10,Sample City B,0.1
Australia and Oceania,Vanuatu,Meat,Online,H,2017-07-26,614994323,2017-09-12,9341,421.89,364.69,3940874.49,3406569.29,534305.2,1,48,2017-07-26,Meat,421.89,9341,CUST-016,SAVE20,Sample City C,0.2
Europe,Belgium,Fruits,Offline,L,2010-10-19,674808442,2010-10-24,9669,9.33,6.92,90211.77,66909.48,23302.29,2473,5,2010-10-19,Fruits,9.33,9669,CUST-017,NONE,Sample City A,0.0
Europe,Belgium,Baby Food,Offline,L,2016-11-08,901573550,2016-12-23,4503,255.28,159.42,1149525.84,717868.26,431657.58,261,45,2016-11-08,Baby Food,255.28,4503,CUST-018,SAVE10,Sample City B,0.1
Sub-Saharan Africa,Guinea-Bissau,Clothes,Online,L,2014-03-31,406275975,2014-05-10,4944,109.28,35.84,540280.32,177192.96,363087.36,1214,40,2014-03-31,Clothes,109.28,4944,CUST-019,SAVE20,Sample City C,0.2
Sub-Saharan Africa,Togo,Vegetables,Online,C,2016-08-18,170214545,2016-08-19,9121,154.06,90.93,1405181.26,829372.53,575808.73,343,1,2016-08-18,Vegetables,154.06,9121,CUST-020,NONE,Sample City A,0.0
Sub-Saharan Africa,Cote d'Ivoire,Personal Care,Offline,C,2016-01-03,795000588,2016-01-08,7196,81.73,56.67,588129.08,407797.32,180331.76,571,5,2016-01-03,Personal Care,81.73,7196,CUST-021,SAVE10,Sample City B,0.1
Sub-Saharan Africa,Republic of the Congo,Fruits,Offline,C,2016-10-21,252557933,2016-11-04,6360,9.33,6.92,59338.8,44011.2,15327.6,279,14,2016-10-21,Fruits,9.33,6360,CUST-022,SAVE20,Sample City C,0.2
Middle East and North Africa,Libya,Baby Food,Offline,M,2016-12-10,635122907,2016-12-13,5837,255.28,159.42,1490069.36,930534.54,559534.82,229,3,2016-12-10,Baby Food,255.28,5837,CUST-023,NONE,Sample City A,0.0
Australia and Oceania,East Timor,Vegetables,Online,C,2011-08-12,505244338,2011-09-19,1882,154.06,90.93,289940.92,171130.26,118810.66,2176,38,2011-08-12,Vegetables,154.06,1882,CUST-024,SAVE10,Sample City B,0.1
Europe,Switzerland,Clothes,Offline,H,2012-03-23,745783555,2012-05-09,2782,109.28,35.84,304016.96,99706.88,204310.08,1952,47,2012-03-23,Clothes,109.28,2782,CUST-025,SAVE20,Sample City C,0.2
Australia and Oceania,Palau,Snacks,Offline,M,2012-04-27,509914386,2012-06-11,3853,152.58,97.44,587890.74,375436.32,212454.42,1917,45,2012-04-27,Snacks,152.58,3853,CUST-026,NONE,Sample City A,0.0
Middle East and North Africa,Jordan,Household,Online,M,2014-01-29,371123158,2014-02-09,2445,668.27,502.54,1633920.15,1228710.3,405209.85,1275,11,2014-01-29,Household,668.27,2445,CUST-027,SAVE10,Sample City B,0.1
Europe,Slovenia,Household,Online,H,2016-12-13,973208701,2016-12-28,2936,668.27,502.54,1962040.72,1475457.44,486583.28,226,15,2016-12-13,Household,668.27,2936,CUST-028,SAVE20,Sample City C,0.2
Asia,South Korea,Baby Food,Online,L,2013-11-21,780282342,2013-12-27,1739,255.28,159.42,443931.92,277231.38,166700.54,1344,36,2013-11-21,Baby Food,255.28,1739,CUST-029,NONE,Sample City A,0.0
Europe,Norway,Clothes,Online,H,2010-04-07,126767909,2010-05-22,2296,109.28,35.84,250906.88,82288.64,168618.24,2668,45,2010-04-07,Clothes,109.28,2296,CUST-030,SAVE10,Sample City B,0.1
Middle East and North Africa,Afghanistan,Baby Food,Online,M,2012-07-08,767401731,2012-07-30,80,255.28,159.42,20422.4,12753.6,7668.8,1845,22,2012-07-08,Baby Food,255.28,80,CUST-031,SAVE20,Sample City C,0.2
Asia,Bangladesh,Personal Care,Online,L,2016-10-15,927232635,2016-11-24,7597,81.73,56.67,620902.81,430521.99,190380.82,285,40,2016-10-15,Personal Care,81.73,7597,CUST-032,NONE,Sample City A,0.0
Sub-Saharan Africa,Guinea,Meat,Offline,M,2012-09-18,251621949,2012-10-20,9381,421.89,364.69,3957750.09,3421156.89,536593.2,1773,32,2012-09-18,Meat,421.89,9381,CUST-033,SAVE10,Sample City B,0.1
Central America and the Caribbean,Cuba,Office Supplies,Offline,H,2017-07-02,256243503,2017-07-23,7002,651.21,524.96,4559772.42,3675769.92,884002.5,25,21,2017-07-02,Office Supplies,651.21,7002,CUST-034,SAVE20,Sample City C,0.2
Europe,Russia,Cosmetics,Offline,C,2011-07-21,277083623,2011-09-02,4056,437.2,263.33,1773283.2,1068066.48,705216.72,2198,43,2011-07-21,Cosmetics,437.2,4056,CUST-035,NONE,Sample City A,0.0
Sub-Saharan Africa,Seychelles,Vegetables,Offline,L,2010-06-01,620441138,2010-06-22,1175,154.06,90.93,181020.5,106842.75,74177.75,2613,21,2010-06-01,Vegetables,154.06,1175,CUST-036,SAVE10,Sample City B,0.1
Asia,South Korea,Office Supplies,Offline,M,2015-07-26,312927377,2015-09-07,1020,651.21,524.96,664234.2,535459.2,128775.0,732,43,2015-07-26,Office Supplies,651.21,1020,CUST-037,SAVE20,Sample City C,0.2
Sub-Saharan Africa,Ghana,Baby Food,Offline,L,2010-08-06,251466166,2010-09-08,3282,255.28,159.42,837828.96,523216.44,314612.52,2547,33,2010-08-06,Baby Food,255.28,3282,CUST-038,NONE,Sample City A,0.0
Central America and the Caribbean,Costa Rica,Office Supplies,Online,H,2010-06-20,953293836,2010-07-22,9685,651.21,524.96,6306968.85,5084237.6,1222731.25,2594,32,2010-06-20,Office Supplies,651.21,9685,CUST-039,SAVE10,Sample City B,0.1
Europe,Romania,Cereal,Online,C,2012-04-08,305959212,2012-04-23,8985,205.7,117.11,1848214.5,1052233.35,795981.15,1936,15,2012-04-08,Cereal,205.7,8985,CUST-040,SAVE20,Sample City C,0.2
Europe,Czech Republic,Cereal,Online,L,2014-02-27,317323625,2014-03-24,1967,205.7,117.11,404611.9,230355.37,174256.53,1246,25,2014-02-27,Cereal,205.7,1967,CUST-041,NONE,Sample City A,0.0
Europe,Liechtenstein,Household,Offline,L,2011-07-25,365560901,2011-09-01,6449,668.27,502.54,4309673.23,3240880.46,1068792.77,2194,38,2011-07-25,Household,668.27,6449,CUST-042,SAVE10,Sample City B,0.1
Sub-Saharan Africa,Seychelles,Baby Food,Online,M,2016-02-18,349157369,2016-04-05,2279,255.28,159.42,581783.12,363318.18,218464.94,525,47,2016-02-18,Baby Food,255.28,2279,CUST-043,SAVE20,Sample City C,0.2
Middle East and North Africa,Somalia,Baby Food,Online,L,2014-01-24,236911857,2014-02-25,6338,255.28,159.42,1617964.64,1010403.96,607560.68,1280,32,2014-01-24,Baby Food,255.28,6338,CUST-044,NONE,Sample City A,0.0
Australia and Oceania,Solomon Islands,Personal Care,Offline,H,2015-05-10,517935693,2015-06-16,7536,81.73,56.67,615917.28,427065.12,188852.16,809,37,2015-05-10,Personal Care,81.73,7536,CUST-045,SAVE10,Sample City B,0.1
Sub-Saharan Africa,Uganda,Clothes,Offline,C,2012-02-13,851652705,2012-03-27,1816,109.28,35.84,198452.48,65085.44,133367.04,1991,43,2012-02-13,Clothes,109.28,1816,CUST-046,SAVE20,Sample City C,0.2
Sub-Saharan Africa,Equatorial Guinea,Cereal,Offline,M,2012-09-07,517799222,2012-10-23,7151,205.7,117.11,1470960.7,837453.61,633507.09,1784,46,2012-09-07,Cereal,205.7,7151,CUST-047,NONE,Sample City A,0.0
Central America and the Caribbean,Costa Rica,Office Supplies,Offline,C,2015-02-04,666424071,2015-03-04,8547,651.21,524.96,5565891.87,4486833.12,1079058.75,904,28,2015-02-04,Office Supplies,651.21,8547,CUST-048,SAVE10,Sample City B,0.1
Europe,Moldova,Fruits,Offline,C,2010-11-16,267888581,2010-12-22,3039,9.33,6.92,28353.87,21029.88,7323.99,2445,36,2010-11-16,Fruits,9.33,3039,CUST-049,SAVE20,Sample City C,0.2
Sub-Saharan Africa,Burkina Faso,Vegetables,Online,L,2011-07-20,162866580,2011-07-26,4695,154.06,90.93,723311.7,426916.35,296395.35,2199,6,2011-07-20,Vegetables,154.06,4695,CUST-050,NONE,Sample City A,0.0
Central America and the Caribbean,Guatemala,Beverages,Offline,H,2014-07-26,812344396,2014-08-30,9614,47.45,31.79,456184.3,305629.06,150555.24,1097,35,2014-07-26,Beverages,47.45,9614,CUST-051,SAVE10,Sample City B,0.1
Sub-Saharan Africa,Swaziland,Meat,Online,M,2014-08-24,947620856,2014-09-03,924,421.89,364.69,389826.36,336973.56,52852.8,1068,10,2014-08-24,Meat,421.89,924,CUST-052,SAVE20,Sample City C,0.2
Asia,Maldives,Vegetables,Online,H,2015-02-25,720307290,2015-03-28,3789,154.06,90.93,583733.34,344533.77,239199.57,883,31,2015-02-25,Vegetables,154.06,3789,CUST-053,NONE,Sample City A,0.0
Asia,Thailand,Household,Online,H,2016-09-21,352327525,2016-10-27,399,668.27,502.54,266639.73,200513.46,66126.27,309,36,2016-09-21,Household,668.27,399,CUST-054,SAVE10,Sample City B,0.1
Sub-Saharan Africa,Sudan,Household,Online,C,2013-06-28,585917890,2013-07-23,4979,668.27,502.54,3327316.33,2502146.66,825169.67,1490,25,2013-06-28,Household,668.27,4979,CUST-055,SAVE20,Sample City C,0.2
Central America and the Caribbean,Costa Rica,Meat,Offline,L,2012-01-05,433627212,2012-02-13,8783,421.89,364.69,3705459.87,3203072.27,502387.6,2030,39,2012-01-05,Meat,421.89,8783,CUST-056,NONE,Sample City A,0.0
Europe,Denmark,Beverages,Online,C,2012-05-01,328316819,2012-05-30,5098,47.45,31.79,241900.1,162065.42,79834.68,1913,29,2012-05-01,Beverages,47.45,5098,CUST-057,SAVE10,Sample City B,0.1
Sub-Saharan Africa,Angola,Cereal,Offline,C,2011-10-13,773160541,2011-11-21,4240,205.7,117.11,872168.0,496546.4,375621.6,2114,39,2011-10-13,Cereal,205.7,4240,CUST-058,SAVE20,Sample City C,0.2
Australia and Oceania,Papua New Guinea,Household,Online,M,2016-04-27,991644704,2016-05-18,8559,668.27,502.54,5719722.93,4301239.86,1418483.07,456,21,2016-04-27,Household,668.27,8559,CUST-059,NONE,Sample City A,0.0
Asia,North Korea,Meat,Online,M,2014-01-19,277568137,2014-02-07,7435,421.89,364.69,3136752.15,2711470.15,425282.0,1285,19,2014-01-19,Meat,421.89,7435,CUST-060,SAVE10,Sample City B,0.1
Central America and the Caribbean,El Salvador,Fruits,Online,C,2016-11-06,245042169,2016-12-15,2278,9.33,6.92,21253.74,15763.76,5489.98,263,39,2016-11-06,Fruits,9.33,2278,CUST-061,SAVE20,Sample City C,0.2
Sub-Saharan Africa,Burkina Faso,Household,Online,M,2011-02-28,778490626,2011-03-24,1531,668.27,502.54,1023121.37,769388.74,253732.63,2341,24,2011-02-28,Household,668.27,1531,CUST-062,NONE,Sample City A,0.0
Middle East and North Africa,Yemen,Baby Food,Online,C,2014-10-11,482649838,2014-11-13,5668,255.28,159.42,1446927.04,903592.56,543334.48,1020,33,2014-10-11,Baby Food,255.28,5668,CUST-063,SAVE10,Sample City B,0.1
Sub-Saharan Africa,Republic of the Congo,Beverages,Online,L,2012-06-25,732568633,2012-07-05,2193,47.45,31.79,104057.85,69715.47,34342.38,1858,10,2012-06-25,Beverages,47.45,2193,CUST-064,SAVE20,Sample City C,0.2
Europe,Andorra,Household,Online,M,2012-11-06,723608338,2012-11-23,642,668.27,502.54,429029.34,322630.68,106398.66,1724,17,2012-11-06,Household,668.27,642,CUST-065,NONE,Sample City A,0.0
Central America and the Caribbean,Dominican Republic,Household,Offline,H,2014-02-24,621442782,2014-04-14,7584,668.27,502.54,5068159.68,3811263.36,1256896.32,1249,49,2014-02-24,Household,668.27,7584,CUST-066,SAVE10,Sample City B,0.1
Middle East and North Africa,Israel,Baby Food,Offline,M,2015-09-19,212058293,2015-10-06,1616,255.28,159.42,412532.48,257622.72,154909.76,677,17,2015-09-19,Baby Food,255.28,1616,CUST-067,SAVE20,Sample City C,0.2
Australia and Oceania,Solomon Islands,Snacks,Offline,L,2014-03-04,251753699,2014-03-24,8369,152.58,97.44,1276942.02,815475.36,461466.66,1241,20,2014-03-04,Snacks,152.58,8369,CUST-068,NONE,Sample City A,0.0
Sub-Saharan Africa,Liberia,Fruits,Online,M,2014-10-08,217140328,2014-10-30,5503,9.33,6.92,51342.99,38080.76,13262.23,1023,22,2014-10-08,Fruits,9.33,5503,CUST-069,SAVE10,Sample City B,0.1
Sub-Saharan Africa,Mali,Vegetables,Online,C,2012-06-19,555142009,2012-07-10,7712,154.06,90.93,1188110.72,701252.16,486858.56,1864,21,2012-06-19,Vegetables,154.06,7712,CUST-070,SAVE20,Sample City C,0.2
Asia,Uzbekistan,Clothes,Online,C,2010-11-11,432995069,2010-12-13,1718,109.28,35.84,187743.04,61573.12,126169.92,2450,32,2010-11-11,Clothes,109.28,1718,CUST-071,NONE,Sample City A,0.0
Middle East and North Africa,Tunisia,Personal Care,Offline,H,2010-11-01,888248336,2010-11-07,1276,81.73,56.67,104287.48,72310.92,31976.56,2460,6,2010-11-01,Personal Care,81.73,1276,CUST-072,SAVE10,Sample City B,0.1
Europe,Vatican City,Vegetables,Online,C,2014-04-28,778763139,2014-05-09,2173,154.06,90.93,334772.38,197590.89,137181.49,1186,11,2014-04-28,Vegetables,154.06,2173,CUST-073,SAVE20,Sample City C,0.2
Sub-Saharan Africa,Djibouti,Snacks,Offline,H,2012-12-22,832713305,2013-02-09,7227,152.58,97.44,1102695.66,704198.88,398496.78,1678,49,2012-12-22,Snacks,152.58,7227,CUST-074,NONE,Sample City A,0.0
Europe,Ukraine,Household,Offline,M,2014-08-25,498585164,2014-09-29,1285,668.27,502.54,858726.95,645763.9,212963.05,1067,35,2014-08-25,Household,668.27,1285,CUST-075,SAVE10,Sample City B,0.1
Australia and Oceania,East Timor,Fruits,Offline,M,2016-11-26,195177543,2016-12-23,6227,9.33,6.92,58097.91,43090.84,15007.07,243,27,2016-11-26,Fruits,9.33,6227,CUST-076,SAVE20,Sample City C,0.2
Sub-Saharan Africa,Uganda,Cereal,Online,C,2010-10-20,861601769,2010-12-02,5965,205.7,117.11,1227000.5,698561.15,528439.35,2472,43,2010-10-20,Cereal,205.7,5965,CUST-077,NONE,Sample City A,0.0
Sub-Saharan Africa,Guinea,Meat,Online,H,2014-12-18,807281672,2015-01-26,1441,421.89,364.69,607943.49,525518.29,82425.2,952,39,2014-12-18,Meat,421.89,1441,CUST-078,SAVE10,Sample City B,0.1
Sub-Saharan Africa,Equatorial Guinea,Clothes,Offline,H,2011-03-20,661953580,2011-04-24,5629,109.28,35.84,615137.12,201743.36,413393.76,2321,35,2011-03-20,Clothes,109.28,5629,CUST-079,SAVE20,Sample City C,0.2
Europe,Malta,Cosmetics,Online,M,2016-07-12,225666320,2016-08-21,8534,437.2,263.33,3731064.8,2247258.22,1483806.58,380,40,2016-07-12,Cosmetics,437.2,8534,CUST-080,NONE,Sample City A,0.0
Europe,Cyprus,Household,Offline,L,2011-01-26,718781220,2011-02-19,2191,668.27,502.54,1464179.57,1101065.14,363114.43,2374,24,2011-01-26,Household,668.27,2191,CUST-081,SAVE10,Sample City B,0.1
Europe,Czech Republic,Office Supplies,Online,L,2010-02-24,731972110,2010-04-15,5668,651.21,524.96,3691058.28,2975473.28,715585.0,2710,50,2010-02-24,Office Supplies,651.21,5668,CUST-082,SAVE20,Sample City C,0.2
Middle East and North Africa,Libya,Vegetables,Online,C,2015-01-02,276225316,2015-02-09,64,154.06,90.93,9859.84,5819.52,4040.32,937,38,2015-01-02,Vegetables,154.06,64,CUST-083,NONE,Sample City A,0.0
Asia,Vietnam,Office Supplies,Offline,C,2016-07-26,332839667,2016-07-27,3509,651.21,524.96,2285095.89,1842084.64,443011.25,366,1,2016-07-26,Office Supplies,651.21,3509,CUST-084,SAVE10,Sample City B,0.1
Middle East and North Africa,Jordan,Vegetables,Online,C,2014-06-01,603426492,2014-06-15,6163,154.06,90.93,949471.78,560401.59,389070.19,1152,14,2014-06-01,Vegetables,154.06,6163,CUST-085,SAVE20,Sample City C,0.2
Sub-Saharan Africa,Mali,Beverages,Offline,H,2012-12-21,859909617,2013-01-29,5220,47.45,31.79,247689.0,165943.8,81745.2,1679,39,2012-12-21,Beverages,47.45,5220,CUST-086,NONE,Sample City A,0.0
Europe,Czech Republic,Household,Online,L,2010-02-27,494525372,2010-03-02,9902,668.27,502.54,6617209.54,4976151.08,1641058.46,2707,3,2010-02-27,Household,668.27,9902,CUST-087,SAVE10,Sample City B,0.1
Europe,Slovakia,Vegetables,Online,M,2016-04-24,769822585,2016-05-15,6465,154.06,90.93,995997.9,587862.45,408135.45,459,21,2016-04-24,Vegetables,154.06,6465,CUST-088,SAVE20,Sample City C,0.2
Sub-Saharan Africa,Zimbabwe,Vegetables,Offline,C,2012-07-22,768662583,2012-08-10,3195,154.06,90.93,492221.7,290521.35,201700.35,1831,19,2012-07-22,Vegetables,154.06,3195,CUST-089,NONE,Sample City A,0.0
Central America and the Caribbean,Honduras,Cereal,Online,M,2015-02-22,544219195,2015-03-09,5409,205.7,117.11,1112631.3,633447.99,479183.31,886,15,2015-02-22,Cereal,205.7,5409,CUST-090,SAVE10,Sample City B,0.1
Europe,Switzerland,Beverages,Offline,L,2011-02-10,669978749,2011-03-20,455,47.45,31.79,21589.75,14464.45,7125.3,2359,38,2011-02-10,Beverages,47.45,455,CUST-091,SAVE20,Sample City C,0.2
Sub-Saharan Africa,South Africa,Cosmetics,Offline,L,2015-01-21,889740073,2015-01-26,2715,437.2,263.33,1186998.0,714940.95,472057.05,918,5,2015-01-21,Cosmetics,437.2,2715,CUST-092,NONE,Sample City A,0.0
Sub-Saharan Africa,Uganda,Beverages,Online,M,2012-05-10,567614495,2012-06-28,8598,47.45,31.79,407975.1,273330.42,134644.68,1904,49,2012-05-10,Beverages,47.45,8598,CUST-093,SAVE10,Sample City B,0.1
Middle East and North Africa,Iran,Vegetables,Offline,M,2015-12-16,938025844,2016-01-21,1547,154.06,90.93,238330.82,140668.71,97662.11,589,36,2015-12-16,Vegetables,154.06,1547,CUST-094,SAVE20,Sample City C,0.2
Middle East and North Africa,Algeria,Vegetables,Online,C,2017-02-25,155710446,2017-02-25,7036,154.06,90.93,1083966.16,639783.48,444182.68,152,0,2017-02-25,Vegetables,154.06,7036,CUST-095,NONE,Sample City A,0.0
Sub-Saharan Africa,Central African Republic,Baby Food,Online,L,2012-01-31,945717132,2012-02-13,7570,255.28,159.42,1932469.6,1206809.4,725660.2,2004,13,2012-01-31,Baby Food,255.28,7570,CUST-096,SAVE10,Sample City B,0.1
Central America and the Caribbean,The Bahamas,Cosmetics,Offline,C,2013-02-07,253407227,2013-02-15,7685,437.2,263.33,3359882.0,2023691.05,1336190.95,1631,8,2013-02-07,Cosmetics,437.2,7685,CUST-097,SAVE20,Sample City C,0.2
Sub-Saharan Africa,South Africa,Household,Offline,H,2014-09-14,494454562,2014-09-22,8948,668.27,502.54,5979679.96,4496727.92,1482952.04,1047,8,2014-09-14,Household,668.27,8948,CUST-098,NONE,Sample City A,0.0
Sub-Saharan Africa,Benin,Cereal,Online,M,2012-06-05,104845464,2012-07-24,4957,205.7,117.11,1019654.9,580514.27,439140.63,1878,49,2012-06-05,Cereal,205.7,4957,CUST-099,SAVE10,Sample City B,0.1
Europe,Hungary,Cosmetics,Online,M,2014-04-05,290878760,2014-04-07,6344,437.2,263.33,2773596.8,1670565.52,1103031.28,1209,2,2014-04-05,Cosmetics,437.2,6344,CUST-100,SAVE20,Sample City C,0.2
Europe,Austria,Office Supplies,Offline,C,2014-02-02,979165780,2014-02-10,5768,651.21,524.96,3756179.28,3027969.28,728210.0,1271,8,2014-02-02,Office Supplies,651.21,5768,CUST-001,NONE,Sample City A,0.0
Asia,Tajikistan,Office Supplies,Offline,C,2010-09-01,366630351,2010-10-12,2923,651.21,524.96,1903486.83,1534458.08,369028.75,2521,41,2010-09-01,Office Supplies,651.21,2923,CUST-002,SAVE10,Sample City B,0.1
Europe,Portugal,Office Supplies,Online,C,2011-05-17,770508801,2011-06-25,9532,651.21,524.96,6207333.72,5003918.72,1203415.0,2263,39,2011-05-17,Office Supplies,651.21,9532,CUST-003,SAVE20,Sample City C,0.2
Europe,Belgium,Beverages,Offline,M,2013-04-21,978349959,2013-05-21,4349,47.45,31.79,206360.05,138254.71,68105.34,1558,30,2013-04-21,Beverages,47.45,4349,CUST-004,NONE,Sample City A,0.0
Europe,Slovenia,Beverages,Offline,L,2014-08-10,298015153,2014-08-14,8161,47.45,31.79,387239.45,259438.19,127801.26,1082,4,2014-08-10,Beverages,47.45,8161,CUST-005,SAVE10,Sample City B,0.1
Europe,Czech Republic,Snacks,Online,M,2010-09-19,807678210,2010-10-30,8786,152.58,97.44,1340567.88,856107.84,484460.04,2503,41,2010-09-19,Snacks,152.58,8786,CUST-006,SAVE20,Sample City C,0.2
Australia and Oceania,Marshall Islands,Personal Care,Offline,C,2013-04-13,605825459,2013-05-14,6071,81.73,56.67,496182.83,344043.57,152139.26,1566,31,2013-04-13,Personal Care,81.73,6071,CUST-007,NONE,Sample City A,0.0
Sub-Saharan Africa,Sudan,Fruits,Online,C,2016-01-28,561255729,2016-02-01,6897,9.33,6.92,64349.01,47727.24,16621.77,546,4,2016-01-28,Fruits,9.33,6897,CUST-008,SAVE10,Sample City B,0.1
Central America and the Caribbean,Dominican Republic,Clothes,Online,H,2013-12-09,263080346,2013-12-14,175,109.28,35.84,19124.0,6272.0,12852.0,1326,5,2013-12-09,Clothes,109.28,175,CUST-009,SAVE20,Sample City C,0.2
Sub-Saharan Africa,Tanzania,Cereal,Offline,C,2014-02-21,270723140,2014-03-09,1848,205.7,117.11,380133.6,216419.28,163714.32,1252,16,2014-02-21,Cereal,205.7,1848,CUST-010,NONE,Sample City A,0.0
Europe,Switzerland,Clothes,Offline,H,2017-06-09,763920438,2017-07-10,9888,109.28,35.84,1080560.64,354385.92,726174.72,48,31,2017-06-09,Clothes,109.28,9888,CUST-011,SAVE10,Sample City B,0.1
North America,Greenland,Household,Online,L,2014-04-17,192721068,2014-05-20,9302,668.27,502.54,6216247.54,4674627.08,1541620.46,1197,33,2014-04-17,Household,668.27,9302,CUST-012,SAVE20,Sample City C,0.2
Australia and Oceania,Tonga,Fruits,Offline,L,2011-05-20,227486360,2011-06-08,7124,9.33,6.92,66466.92,49298.08,17168.84,2260,19,2011-05-20,Fruits,9.33,7124,CUST-013,NONE,Sample City A,0.0
Middle East and North Africa,Saudi Arabia,Vegetables,Online,M,2012-08-28,808890140,2012-09-22,7422,154.06,90.93,1143433.32,674882.46,468550.86,1794,25,2012-08-28,Vegetables,154.06,7422,CUST-014,SAVE10,Sample City B,0.1
Central America and the Caribbean,Belize,Cosmetics,Offline,C,2015-07-25,597918736,2015-09-11,6296,437.2,263.33,2752611.2,1657925.68,1094685.52,733,48,2015-07-25,Cosmetics,437.2,6296,CUST-015,SAVE20,Sample City C,0.2
Sub-Saharan Africa,Angola,Cosmetics,Online,H,2014-10-27,125870978,2014-11-20,6874,437.2,263.33,3005312.8,1810130.42,1195182.38,1004,24,2014-10-27,Cosmetics,437.2,6874,CUST-016,NONE,Sample City A,0.0
Asia,Malaysia,Household,Online,H,2013-10-18,444358193,2013-10-21,4319,668.27,502.54,2886258.13,2170470.26,715787.87,1378,3,2013-10-18,Household,668.27,4319,CUST-017,SAVE10,Sample City B,0.1
Sub-Saharan Africa,Ethiopia,Beverages,Online,C,2013-02-15,875304210,2013-03-12,822,47.45,31.79,39003.9,26131.38,12872.52,1623,25,2013-02-15,Beverages,47.45,822,CUST-018,SAVE20,Sample City C,0.2
North America,Greenland,Baby Food,Offline,C,2014-07-08,360945355,2014-08-16,607,255.28,159.42,154954.96,96767.94,58187.02,1115,39,2014-07-08,Baby Food,255.28,607,CUST-019,NONE,Sample City A,0.0
Sub-Saharan Africa,Benin,Cereal,Offline,C,2016-12-12,613830459,2017-01-16,4928,205.7,117.11,1013689.6,577118.08,436571.52,227,35,2016-12-12,Cereal,205.7,4928,CUST-020,SAVE10,Sample City B,0.1
Middle East and North Africa,Yemen,Cereal,Offline,H,2012-11-24,266820847,2012-12-10,7073,205.7,117.11,1454916.1,828319.03,626597.07,1706,16,2012-11-24,Cereal,205.7,7073,CUST-021,SAVE20,Sample City C,0.2
Sub-Saharan Africa,Rwanda,Baby Food,Offline,M,2014-11-03,723090350,2014-11-27,7358,255.28,159.42,1878350.24,1173012.36,705337.88,997,24,2014-11-03,Baby Food,255.28,7358,CUST-022,NONE,Sample City A,0.0
Sub-Saharan Africa,Mauritania,Meat,Offline,M,2013-08-03,306125295,2013-08-15,8132,421.89,364.69,3430809.48,2965659.08,465150.4,1454,12,2013-08-03,Meat,421.89,8132,CUST-023,SAVE10,Sample City B,0.1
Australia and Oceania,New Zealand,Personal Care,Online,L,2012-05-23,109724509,2012-06-16,8775,81.73,56.67,717180.75,497279.25,219901.5,1891,24,2012-05-23,Personal Care,81.73,8775,CUST-024,SAVE20,Sample City C,0.2
Australia and Oceania,Samoa,Clothes,Offline,M,2015-07-22,847999322,2015-08-06,699,109.28,35.84,76386.72,25052.16,51334.56,736,15,2015-07-22,Clothes,109.28,699,CUST-025,NONE,Sample City A,0.0
Australia and Oceania,Fiji,Clothes,Online,H,2017-02-01,605373561,2017-03-02,2344,109.28,35.84,256152.32,84008.96,172143.36,176,29,2017-02-01,Clothes,109.28,2344,CUST-026,SAVE10,Sample City B,0.1
Sub-Saharan Africa,Malawi,Beverages,Online,H,2012-01-28,686583554,2012-02-22,4186,47.45,31.79,198625.7,133072.94,65552.76,2007,25,2012-01-28,Beverages,47.45,4186,CUST-027,SAVE20,Sample City C,0.2
Australia and Oceania,Marshall Islands,Beverages,Offline,M,2015-08-03,666678130,2015-09-21,3729,47.45,31.79,176941.05,118544.91,58396.14,724,49,2015-08-03,Beverages,47.45,3729,CUST-028,NONE,Sample City A,0.0
Central America and the Caribbean,Grenada,Baby Food,Online,M,2013-06-23,641018617,2013-06-30,508,255.28,159.42,129682.24,80985.36,48696.88,1495,7,2013-06-23,Baby Food,255.28,508,CUST-029,SAVE10,Sample City B,0.1
Europe,Luxembourg,Meat,Online,C,2011-08-03,775278842,2011-09-22,1093,421.89,364.69,461125.77,398606.17,62519.6,2185,50,2011-08-03,Meat,421.89,1093,CUST-030,SAVE20,Sample City C,0.2
Sub-Saharan Africa,Zimbabwe,Meat,Offline,M,2016-10-30,855445134,2016-12-06,4080,421.89,364.69,1721311.2,1487935.2,233376.0,270,37,2016-10-30,Meat,421.89,4080,CUST-031,NONE,Sample City A,0.0
Asia,China,Vegetables,Online,H,2010-09-05,737816321,2010-09-21,5100,154.06,90.93,785706.0,463743.0,321963.0,2517,16,2010-09-05,Vegetables,154.06,5100,CUST-032,SAVE10,Sample City B,0.1
North America,United States of America,Beverages,Online,L,2013-07-13,799003732,2013-07-14,1815,47.45,31.79,86121.75,57698.85,28422.9,1475,1,2013-07-13,Beverages,47.45,1815,CUST-033,SAVE20,Sample City C,0.2
Sub-Saharan Africa,Central African Republic,Vegetables,Online,L,2012-10-09,585931193,2012-11-21,8916,154.06,90.93,1373598.96,810731.88,562867.08,1752,43,2012-10-09,Vegetables,154.06,8916,CUST-034,NONE,Sample City A,0.0
Central America and the Caribbean,Antigua and Barbuda,Vegetables,Online,M,2012-01-03,165835034,2012-01-05,3127,154.06,90.93,481745.62,284338.11,197407.51,2032,2,2012-01-03,Vegetables,154.06,3127,CUST-035,SAVE10,Sample City B,0.1
Central America and the Caribbean,Guatemala,Baby Food,Offline,H,2012-02-08,576264083,2012-03-14,8203,255.28,159.42,2094061.84,1307722.26,786339.58,1996,35,2012-02-08,Baby Food,255.28,8203,CUST-036,SAVE20,Sample City C,0.2
Middle East and North Africa,Qatar,Clothes,Offline,L,2015-01-03,675079667,2015-01-07,9930,109.28,35.84,1085150.4,355891.2,729259.2,936,4,2015-01-03,Clothes,109.28,9930,CUST-037,NONE,Sample City A,0.0
Middle East and North Africa,Israel,Personal Care,Online,L,2012-05-13,290455615,2012-05-28,1126,81.73,56.67,92027.98,63810.42,28217.56,1901,15,2012-05-13,Personal Care,81.73,1126,CUST-038,SAVE10,Sample City B,0.1
Asia,Thailand,Snacks,Offline,L,2012-01-13,670878255,2012-02-15,6639,152.58,97.44,1012978.62,646904.16,366074.46,2022,33,2012-01-13,Snacks,152.58,6639,CUST-039,SAVE20,Sample City C,0.2
Asia,Singapore,Cereal,Online,M,2011-07-30,435146415,2011-08-12,8349,205.7,117.11,1717389.3,977751.39,739637.91,2189,13,2011-07-30,Cereal,205.7,8349,CUST-040,NONE,Sample City A,0.0
Asia,North Korea,Snacks,Online,C,2017-03-13,522371423,2017-04-08,167,152.58,97.44,25480.86,16272.48,9208.38,136,26,2017-03-13,Snacks,152.58,167,CUST-041,SAVE10,Sample City B,0.1
Europe,Austria,Office Supplies,Online,L,2017-03-23,141977107,2017-04-18,3036,651.21,524.96,1977073.56,1593778.56,383295.0,126,26,2017-03-23,Office Supplies,651.21,3036,CUST-042,SAVE20,Sample City C,0.2
Asia,Japan,Baby Food,Offline,L,2016-03-16,823699796,2016-04-19,9929,255.28,159.42,2534675.12,1582881.18,951793.94,498,34,2016-03-16,Baby Food,255.28,9929,CUST-043,NONE,Sample City A,0.0
Sub-Saharan Africa,Zimbabwe,Beverages,Offline,L,2015-12-18,567588317,2015-12-26,851,47.45,31.79,40379.95,27053.29,13326.66,587,8,2015-12-18,Beverages,47.45,851,CUST-044,SAVE10,Sample City B,0.1
Europe,Lithuania,Fruits,Offline,H,2011-10-25,594003999,2011-11-16,7838,9.33,6.92,73128.54,54238.96,18889.58,2102,22,2011-10-25,Fruits,9.33,7838,CUST-045,SAVE20,Sample City C,0.2
Europe,Luxembourg,Baby Food,Offline,H,2011-06-30,393620669,2011-08-02,9958,255.28,159.42,2542078.24,1587504.36,954573.88,2219,33,2011-06-30,Baby Food,255.28,9958,CUST-046,NONE,Sample City A,0.0
Sub-Saharan Africa,Central African Republic,Cosmetics,Offline,H,2016-03-27,877424657,2016-04-10,8309,437.2,263.33,3632694.8,2188008.97,1444685.83,487,14,2016-03-27,Cosmetics,437.2,8309,CUST-047,SAVE10,Sample City B,0.1
Europe,Norway,Household,Offline,M,2016-12-23,326714789,2017-01-21,1021,668.27,502.54,682303.67,513093.34,169210.33,216,29,2016-12-23,Household,668.27,1021,CUST-048,SAVE20,Sample City C,0.2
Sub-Saharan Africa,Democratic Republic of the Congo,Fruits,Offline,M,2013-04-18,243102395,2013-04-18,8256,9.33,6.92,77028.48,57131.52,19896.96,1561,0,2013-04-18,Fruits,9.33,8256,CUST-049,NONE,Sample City A,0.0
Australia and Oceania,New Zealand,Household,Offline,L,2017-03-08,398511302,2017-04-20,7205,668.27,502.54,4814885.35,3620800.7,1194084.65,141,43,2017-03-08,Household,668.27,7205,CUST-050,SAVE10,Sample City B,0.1
Europe,Ukraine,Personal Care,Offline,M,2011-06-03,185177838,2011-07-04,7092,81.73,56.67,579629.16,401903.64,177725.52,2246,31,2011-06-03,Personal Care,81.73,7092,CUST-051,SAVE20,Sample City C,0.2
Asia,Taiwan,Personal Care,Offline,H,2013-11-30,865650832,2013-12-31,4173,81.73,56.67,341059.29,236483.91,104575.38,1335,31,2013-11-30,Personal Care,81.73,4173,CUST-052,NONE,Sample City A,0.0
Europe,Italy,Cereal,Offline,C,2013-05-11,622791612,2013-05-31,6733,205.7,117.11,1384978.1,788501.63,596476.47,1538,20,2013-05-11,Cereal,205.7,6733,CUST-053,SAVE10,Sample City B,0.1
Europe,Finland,Personal Care,Online,L,2010-11-13,409774005,2010-11-27,89,81.73,56.67,7273.97,5043.63,2230.34,2448,14,2010-11-13,Personal Care,81.73,89,CUST-054,SAVE20,Sample City C,0.2
Sub-Saharan Africa,Sudan,Office Supplies,Online,H,2016-03-09,800084340,2016-04-21,1591,651.21,524.96,1036075.11,835211.36,200863.75,505,43,2016-03-09,Office Supplies,651.21,1591,CUST-055,NONE,Sample City A,0.0
Europe,Croatia,Snacks,Offline,M,2013-08-19,637521445,2013-09-12,5618,152.58,97.44,857194.44,547417.92,309776.52,1438,24,2013-08-19,Snacks,152.58,5618,CUST-056,SAVE10,Sample City B,0.1
Sub-Saharan Africa,Mauritania,Beverages,Online,L,2011-04-19,186196649,2011-05-28,8581,47.45,31.79,407168.45,272789.99,134378.46,2291,39,2011-04-19,Beverages,47.45,8581,CUST-057,SAVE20,Sample City C,0.2
Australia and Oceania,New Zealand,Baby Food,Offline,L,2014-07-20,680533778,2014-07-25,3923,255.28,159.42,1001463.44,625404.66,376058.78,1103,5,2014-07-20,Baby Food,255.28,3923,CUST-058,NONE,Sample City A,0.0
Middle East and North Africa,Pakistan,Beverages,Online,L,2014-09-08,275269162,2014-09-15,7117,47.45,31.79,337701.65,226249.43,111452.22,1053,7,2014-09-08,Beverages,47.45,7117,CUST-059,SAVE10,Sample City B,0.1
Europe,Poland,Household,Online,C,2015-06-04,795451629,2015-06-19,668,668.27,502.54,446404.36,335696.72,110707.64,784,15,2015-06-04,Household,668.27,668,CUST-060,SAVE20,Sample City C,0.2
Europe,Lithuania,Cereal,Offline,M,2013-12-19,986442506,2014-01-01,9113,205.7,117.11,1874544.1,1067223.43,807320.67,1316,13,2013-12-19,Cereal,205.7,9113,CUST-061,NONE,Sample City A,0.0
Middle East and North Africa,Pakistan,Cereal,Offline,M,2012-05-18,563915622,2012-06-10,4019,205.7,117.11,826708.3,470665.09,356043.21,1896,23,2012-05-18,Cereal,205.7,4019,CUST-062,SAVE10,Sample City B,0.1
Australia and Oceania,East Timor,Cosmetics,Offline,C,2013-10-12,663857305,2013-11-13,8984,437.2,263.33,3927804.8,2365756.72,1562048.08,1384,32,2013-10-12,Cosmetics,437.2,8984,CUST-063,SAVE20,Sample City C,0.2
Australia and Oceania,Marshall Islands,Fruits,Online,L,2011-01-02,692566382,2011-01-14,4638,9.33,6.92,43272.54,32094.96,11177.58,2398,12,2011-01-02,Fruits,9.33,4638,CUST-064,NONE,Sample City A,0.0
Central America and the Caribbean,Cuba,Household,Offline,L,2013-02-02,576654183,2013-02-03,3642,668.27,502.54,2433839.34,1830250.68,603588.66,1636,1,2013-02-02,Household,668.27,3642,CUST-065,SAVE10,Sample City B,0.1
North America,Greenland,Baby Food,Offline,H,2011-03-19,313044536,2011-04-14,5689,255.28,159.42,1452287.92,906940.38,545347.54,2322,26,2011-03-19,Baby Food,255.28,5689,CUST-066,SAVE20,Sample City C,0.2
Europe,Luxembourg,Personal Care,Offline,C,2012-10-03,418973767,2012-10-27,2503,81.73,56.67,204570.19,141845.01,62725.18,1758,24,2012-10-03,Personal Care,81.73,2503,CUST-067,NONE,Sample City A,0.0
Middle East and North Africa,Israel,Beverages,Online,C,2014-10-23,581990706,2014-11-15,2838,47.45,31.79,134663.1,90220.02,44443.08,1008,23,2014-10-23,Beverages,47.45,2838,CUST-068,SAVE10,Sample City B,0.1
Sub-Saharan Africa,Djibouti,Baby Food,Online,H,2015-07-12,109956681,2015-07-24,7480,255.28,159.42,1909494.4,1192461.6,717032.8,746,12,2015-07-12,Baby Food,255.28,7480,CUST-069,SAVE20,Sample City C,0.2
Europe,Bulgaria,Cereal,Online,L,2010-05-06,181045520,2010-05-27,4247,205.7,117.11,873607.9,497366.17,376241.73,2639,21,2010-05-06,Cereal,205.7,4247,CUST-070,NONE,Sample City A,0.0
Asia,Mongolia,Vegetables,Online,C,2010-11-27,693743550,2011-01-09,2988,154.06,90.93,460331.28,271698.84,188632.44,2434,43,2010-11-27,Vegetables,154.06,2988,CUST-071,SAVE10,Sample City B,0.1
Central America and the Caribbean,Dominican Republic,Clothes,Offline,L,2010-12-26,716849601,2010-12-31,582,109.28,35.84,63600.96,20858.88,42742.08,2405,5,2010-12-26,Clothes,109.28,582,CUST-072,SAVE20,Sample City C,0.2
Middle East and North Africa,Yemen,Cosmetics,Online,L,2012-12-30,739474999,2013-01-01,5940,437.2,263.33,2596968.0,1564180.2,1032787.8,1670,2,2012-12-30,Cosmetics,437.2,5940,CUST-073,NONE,Sample City A,0.0
Australia and Oceania,Federated States of Micronesia,Personal Care,Online,M,2016-08-21,421043574,2016-09-07,5005,81.73,56.67,409058.65,283633.35,125425.3,340,17,2016-08-21,Personal Care,81.73,5005,CUST-074,SAVE10,Sample City B,0.1
Europe,Finland,Personal Care,Online,M,2015-02-03,841291654,2015-03-20,5751,81.73,56.67,470029.23,325909.17,144120.06,905,45,2015-02-03,Personal Care,81.73,5751,CUST-075,SAVE20,Sample City C,0.2
Central America and the Caribbean,The Bahamas,Cereal,Offline,L,2013-12-19,450268065,2014-01-04,3181,205.7,117.11,654331.7,372526.91,281804.79,1316,16,2013-12-19,Cereal,205.7,3181,CUST-076,NONE,Sample City A,0.0
Central America and the Caribbean,Grenada,Meat,Online,L,2012-05-12,918334138,2012-06-12,4334,421.89,364.69,1828471.26,1580566.46,247904.8,1902,31,2012-05-12,Meat,421.89,4334,CUST-077,SAVE10,Sample City B,0.1
Sub-Saharan Africa,Sao Tome and Principe,Meat,Offline,M,2014-03-28,386163699,2014-04-19,3275,421.89,364.69,1381689.75,1194359.75,187330.0,1217,22,2014-03-28,Meat,421.89,3275,CUST-078,SAVE20,Sample City C,0.2
Central America and the Caribbean,El Salvador,Personal Care,Offline,C,2017-01-11,214743077,2017-02-18,6103,81.73,56.67,498798.19,345857.01,152941.18,197,38,2017-01-11,Personal Care,81.73,6103,CUST-079,NONE,Sample City A,0.0
Europe,Sweden,Baby Food,Online,M,2015-06-21,935371100,2015-07-06,5949,255.28,159.42,1518660.72,948389.58,570271.14,767,15,2015-06-21,Baby Food,255.28,5949,CUST-080,SAVE10,Sample City B,0.1
Asia,Turkmenistan,Cosmetics,Offline,H,2012-11-29,899659097,2012-12-03,7974,437.2,263.33,3486232.8,2099793.42,1386439.38,1701,4,2012-11-29,Cosmetics,437.2,7974,CUST-081,SAVE20,Sample City C,0.2
Europe,Monaco,Vegetables,Online,H,2010-01-01,329530894,2010-02-13,4369,154.06,90.93,673088.14,397273.17,275814.97,2764,43,2010-01-01,Vegetables,154.06,4369,CUST-082,NONE,Sample City A,0.0
Middle East and North Africa,Turkey,Meat,Online,H,2016-01-06,867222821,2016-02-06,9359,421.89,364.69,3948468.51,3413133.71,535334.8,568,31,2016-01-06,Meat,421.89,9359,CUST-083,SAVE10,Sample City B,0.1
Sub-Saharan Africa,Mozambique,Beverages,Online,M,2014-10-14,625283706,2014-10-23,4199,47.45,31.79,199242.55,133486.21,65756.34,1017,9,2014-10-14,Beverages,47.45,4199,CUST-084,SAVE20,Sample City C,0.2
Middle East and North Africa,Yemen,Office Supplies,Offline,C,2013-12-09,936574876,2014-01-09,2173,651.21,524.96,1415079.33,1140738.08,274341.25,1326,31,2013-12-09,Office Supplies,651.21,2173,CUST-085,NONE,Sample City A,0.0
Asia,Philippines,Cereal,Offline,M,2010-10-19,504270160,2010-11-25,3601,205.7,117.11,740725.7,421713.11,319012.59,2473,37,2010-10-19,Cereal,205.7,3601,CUST-086,SAVE10,Sample City B,0.1
Sub-Saharan Africa,Democratic Republic of the Congo,Personal Care,Offline,M,2011-05-02,351855885,2011-06-02,830,81.73,56.67,67835.9,47036.1,20799.8,2278,31,2011-05-02,Personal Care,81.73,830,CUST-087,SAVE20,Sample City C,0.2
Australia and Oceania,Fiji,Snacks,Online,H,2011-03-17,673130881,2011-03-23,3241,152.58,97.44,494511.78,315803.04,178708.74,2324,6,2011-03-17,Snacks,152.58,3241,CUST-088,NONE,Sample City A,0.0
Europe,Macedonia,Office Supplies,Offline,H,2014-09-24,382206475,2014-10-13,2244,651.21,524.96,1461315.24,1178010.24,283305.0,1037,19,2014-09-24,Office Supplies,651.21,2244,CUST-089,SAVE10,Sample City B,0.1
Middle East and North Africa,Tunisia,Cereal,Online,H,2015-12-01,263506495,2015-12-14,6283,205.7,117.11,1292413.1,735802.13,556610.97,604,13,2015-12-01,Cereal,205.7,6283,CUST-090,SAVE20,Sample City C,0.2
Europe,Liechtenstein,Cereal,Offline,L,2017-06-02,721767270,2017-07-18,5829,205.7,117.11,1199025.3,682634.19,516391.11,55,46,2017-06-02,Cereal,205.7,5829,CUST-091,NONE,Sample City A,0.0
Middle East and North Africa,Qatar,Cosmetics,Online,M,2011-08-04,432037627,2011-08-18,8390,437.2,263.33,3668108.0,2209338.7,1458769.3,2184,14,2011-08-04,Cosmetics,437.2,8390,CUST-092,SAVE10,Sample City B,0.1
Australia and Oceania,Tonga,Meat,Offline,C,2014-07-29,389678895,2014-08-24,3499,421.89,364.69,1476193.11,1276050.31,200142.8,1094,26,2014-07-29,Meat,421.89,3499,CUST-093,SAVE20,Sample City C,0.2
Europe,Belgium,Meat,Online,L,2017-01-26,760364902,2017-02-24,7726,421.89,364.69,3259522.14,2817594.94,441927.2,182,29,2017-01-26,Meat,421.89,7726,CUST-094,NONE,Sample City A,0.0
Sub-Saharan Africa,Chad,Fruits,Offline,C,2010-11-05,430081975,2010-12-09,9669,9.33,6.92,90211.77,66909.48,23302.29,2456,34,2010-11-05,Fruits,9.33,9669,CUST-095,SAVE10,Sample City B,0.1
Asia,Thailand,Baby Food,Online,H,2015-03-26,155128943,2015-05-05,4957,255.28,159.42,1265422.96,790244.94,475178.02,854,40,2015-03-26,Baby Food,255.28,4957,CUST-096,SAVE20,Sample City C,0.2
Europe,Iceland,Clothes,Offline,H,2012-10-07,312117135,2012-10-16,1251,109.28,35.84,136709.28,44835.84,91873.44,1754,9,2012-10-07,Clothes,109.28,1251,CUST-097,NONE,Sample City A,0.0
Central America and the Caribbean,Saint Lucia,Meat,Offline,L,2013-07-22,447970378,2013-09-02,3245,421.89,364.69,1369033.05,1183419.05,185614.0,1466,42,2013-07-22,Meat,421.89,3245,CUST-098,SAVE10,Sample City B,0.1
Asia,Japan,Cosmetics,Offline,C,2013-08-16,629925000,2013-08-18,7661,437.2,263.33,3349389.2,2017371.13,1332018.07,1441,2,2013-08-16,Cosmetics,437.2,7661,CUST-099,SAVE20,Sample City C,0.2
Asia,India,Personal Care,Offline,L,2013-11-05,995529830,2013-12-17,8254,81.73,56.67,674599.42,467754.18,206845.24,1360,42,2013-11-05,Personal Care,81.73,8254,CUST-100,NONE,Sample City A,0.0
Australia and Oceania,Vanuatu,Office Supplies,Online,L,2016-03-01,402646195,2016-03-28,812,651.21,524.96,528782.52,426267.52,102515.0,513,27,2016-03-01,Office Supplies,651.21,812,CUST-001,SAVE10,Sample City B,0.1
Sub-Saharan Africa,Chad,Meat,Offline,M,2012-03-25,479447925,2012-04-04,8150,421.89,364.69,3438403.5,2972223.5,466180.0,1950,10,2012-03-25,Meat,421.89,8150,CUST-002,SAVE20,Sample City C,0.2
Sub-Saharan Africa,Malawi,Cosmetics,Offline,H,2017-06-20,674421346,2017-06-29,5118,437.2,263.33,2237589.6,1347722.94,889866.66,37,9,2017-06-20,Cosmetics,437.2,5118,CUST-003,NONE,Sample City A,0.0
Europe,Finland,Cosmetics,Online,L,2014-04-18,506365287,2014-05-16,3596,437.2,263.33,1572171.2,946934.68,625236.52,1196,28,2014-04-18,Cosmetics,437.2,3596,CUST-004,SAVE10,Sample City B,0.1
Middle East and North Africa,Turkey,Clothes,Online,C,2016-06-28,914391076,2016-08-04,7494,109.28,35.84,818944.32,268584.96,550359.36,394,37,2016-06-28,Clothes,109.28,7494,CUST-005,SAVE20,Sample City C,0.2
Sub-Saharan Africa,South Africa,Meat,Online,L,2012-05-20,207922542,2012-07-01,7755,421.89,364.69,3271756.95,2828170.95,443586.0,1894,42,2012-05-20,Meat,421.89,7755,CUST-006,NONE,Sample City A,0.0
Europe,Lithuania,Office Supplies,Offline,M,2014-02-04,816696012,2014-02-16,7353,651.21,524.96,4788347.13,3860030.88,928316.25,1269,12,2014-02-04,Office Supplies,651.21,7353,CUST-007,SAVE10,Sample City B,0.1
Europe,Russia,Beverages,Offline,L,2015-11-15,740760314,2015-11-21,6293,47.45,31.79,298602.85,200054.47,98548.38,620,6,2015-11-15,Beverages,47.45,6293,CUST-008,SAVE20,Sample City C,0.2
Central America and the Caribbean,The Bahamas,Baby Food,Online,C,2013-01-11,300476777,2013-02-28,6610,255.28,159.42,1687400.8,1053766.2,633634.6,1658,48,2013-01-11,Baby Food,255.28,6610,CUST-009,NONE,Sample City A,0.0
Central America and the Caribbean,The Bahamas,Snacks,Online,L,2013-04-24,786519229,2013-06-07,7373,152.58,97.44,1124972.34,718425.12,406547.22,1555,44,2013-04-24,Snacks,152.58,7373,CUST-010,SAVE10,Sample City B,0.1
Middle East and North Africa,Turkey,Cosmetics,Offline,C,2010-05-15,409873998,2010-06-03,9679,437.2,263.33,4231658.8,2548771.07,1682887.73,2630,19,2010-05-15,Cosmetics,437.2,9679,CUST-011,SAVE20,Sample City C,0.2
Sub-Saharan Africa,Mauritius,Cosmetics,Offline,H,2010-04-17,151839911,2010-05-22,1659,437.2,263.33,725314.8,436864.47,288450.33,2658,35,2010-04-17,Cosmetics,437.2,1659,CUST-012,NONE,Sample City A,0.0
Europe,Bulgaria,Vegetables,Online,H,2012-08-25,614028298,2012-09-09,3473,154.06,90.93,535050.38,315799.89,219250.49,1797,15,2012-08-25,Vegetables,154.06,3473,CUST-013,SAVE10,Sample City B,0.1
Middle East and North Africa,Iran,Household,Offline,L,2014-04-19,668362987,2014-05-13,2315,668.27,502.54,1547045.05,1163380.1,383664.95,1195,24,2014-04-19,Household,668.27,2315,CUST-014,SAVE20,Sample City C,0.2
Sub-Saharan Africa,Ghana,Household,Online,M,2013-02-26,607080304,2013-04-05,7408,668.27,502.54,4950544.16,3722816.32,1227727.84,1612,38,2013-02-26,Household,668.27,7408,CUST-015,NONE,Sample City A,0.0
Sub-Saharan Africa,Malawi,Baby Food,Online,M,2011-12-28,792729079,2012-01-17,5006,255.28,159.42,1277931.68,798056.52,479875.16,2038,20,2011-12-28,Baby Food,255.28,5006,CUST-016,SAVE10,Sample City B,0.1
Sub-Saharan Africa,Zimbabwe,Baby Food,Offline,M,2014-08-21,308170640,2014-10-10,3395,255.28,159.42,866675.6,541230.9,325444.7,1071,50,2014-08-21,Baby Food,255.28,3395,CUST-017,SAVE20,Sample City C,0.2
Asia,Tajikistan,Vegetables,Online,H,2014-08-21,106578814,2014-10-02,7894,154.06,90.93,1216149.64,717801.42,498348.22,1071,42,2014-08-21,Vegetables,154.06,7894,CUST-018,NONE,Sample City A,0.0
Europe,Czech Republic,Cereal,Online,H,2014-03-02,761439931,2014-03-28,5851,205.7,117.11,1203550.7,685210.61,518340.09,1243,26,2014-03-02,Cereal,205.7,5851,CUST-019,SAVE10,Sample City B,0.1
Sub-Saharan Africa,Mauritius,Household,Online,L,2012-09-06,216552817,2012-09-27,1646,668.27,502.54,1099972.42,827180.84,272791.58,1785,21,2012-09-06,Household,668.27,1646,CUST-020,SAVE20,Sample City C,0.2
Sub-Saharan Africa,Lesotho,Fruits,Online,H,2010-09-16,536028802,2010-09-22,1689,9.33,6.92,15758.37,11687.88,4070.49,2506,6,2010-09-16,Fruits,9.33,1689,CUST-021,NONE,Sample City A,0.0
Sub-Saharan Africa,Mali,Beverages,Online,L,2013-08-13,254291713,2013-08-15,9424,47.45,31.79,447168.8,299588.96,147579.84,1444,2,2013-08-13,Beverages,47.45,9424,CUST-022,SAVE10,Sample City B,0.1
Europe,Georgia,Personal Care,Online,C,2012-09-11,226077878,2012-10-23,323,81.73,56.67,26398.79,18304.41,8094.38,1780,42,2012-09-11,Personal Care,81.73,323,CUST-023,SAVE20,Sample City C,0.2
Europe,Albania,Office Supplies,Offline,M,2011-08-31,476436126,2011-10-15,6892,651.21,524.96,4488139.32,3618024.32,870115.0,2157,45,2011-08-31,Office Supplies,651.21,6892,CUST-024,NONE,Sample City A,0.0
Europe,Cyprus,Cosmetics,Offline,L,2015-04-21,650727784,2015-06-06,3667,437.2,263.33,1603212.4,965631.11,637581.29,828,46,2015-04-21,Cosmetics,437.2,3667,CUST-025,SAVE10,Sample City B,0.1
Central America and the Caribbean,Saint Kitts and Nevis,Household,Offline,C,2010-07-11,464626681,2010-07-27,2215,668.27,502.54,1480218.05,1113126.1,367091.95,2573,16,2010-07-11,Household,668.27,2215,CUST-026,SAVE20,Sample City C,0.2
Middle East and North Africa,Tunisia,Meat,Offline,C,2015-08-09,154119145,2015-09-21,6135,421.89,364.69,2588295.15,2237373.15,350922.0,718,43,2015-08-09,Meat,421.89,6135,CUST-027,NONE,Sample City A,0.0
Central America and the Caribbean,Cuba,Meat,Online,M,2015-10-17,925504004,2015-12-06,6057,421.89,364.69,2555387.73,2208927.33,346460.4,649,50,2015-10-17,Meat,421.89,6057,CUST-028,SAVE10,Sample City B,0.1
Australia and Oceania,Kiribati,Cereal,Offline,L,2012-07-24,905392587,2012-08-16,4641,205.7,117.11,954653.7,543507.51,411146.19,1829,23,2012-07-24,Cereal,205.7,4641,CUST-029,SAVE20,Sample City C,0.2
Asia,Cambodia,Snacks,Online,C,2012-03-25,990708720,2012-05-04,1581,152.58,97.44,241228.98,154052.64,87176.34,1950,40,2012-03-25,Snacks,152.58,1581,CUST-030,NONE,Sample City A,0.0
Europe,Moldova,Baby Food,Online,M,2014-08-11,798688733,2014-09-18,8600,255.28,159.42,2195408.0,1371012.0,824396.0,1081,38,2014-08-11,Baby Food,255.28,8600,CUST-031,SAVE10,Sample City B,0.1
Asia,Uzbekistan,Cereal,Offline,C,2016-10-15,916881453,2016-11-28,4452,205.7,117.11,915776.4,521373.72,394402.68,285,44,2016-10-15,Cereal,205.7,4452,CUST-032,SAVE20,Sample City C,0.2
Asia,India,Cosmetics,Offline,L,2016-12-03,653148210,2017-01-21,9924,437.2,263.33,4338772.8,2613286.92,1725485.88,236,49,2016-12-03,Cosmetics,437.2,9924,CUST-033,NONE,Sample City A,0.0
Europe,Germany,Personal Care,Offline,C,2010-06-12,285662829,2010-07-13,2834,81.73,56.67,231622.82,160602.78,71020.04,2602,31,2010-06-12,Personal Care,81.73,2834,CUST-034,SAVE10,Sample City B,0.1
Europe,Austria,Vegetables,Online,C,2016-07-29,612911641,2016-08-31,3030,154.06,90.93,466801.8,275517.9,191283.9,363,33,2016-07-29,Vegetables,154.06,3030,CUST-035,SAVE20,Sample City C,0.2
Europe,Germany,Office Supplies,Offline,L,2013-12-09,703693473,2014-01-12,7391,651.21,524.96,4813093.11,3879979.36,933113.75,1326,34,2013-12-09,Office Supplies,651.21,7391,CUST-036,NONE,Sample City A,0.0
Asia,Bhutan,Clothes,Online,M,2012-07-12,147119653,2012-08-09,4829,109.28,35.84,527713.12,173071.36,354641.76,1841,28,2012-07-12,Clothes,109.28,4829,CUST-037,SAVE10,Sample City B,0.1
Asia,Kyrgyzstan,Fruits,Online,C,2012-01-14,402614009,2012-03-02,1287,9.33,6.92,12007.71,8906.04,3101.67,2021,48,2012-01-14,Fruits,9.33,1287,CUST-038,SAVE20,Sample City C,0.2
Middle East and North Africa,Somalia,Personal Care,Online,C,2013-03-20,749912869,2013-04-25,4738,81.73,56.67,387236.74,268502.46,118734.28,1590,36,2013-03-20,Personal Care,81.73,4738,CUST-039,NONE,Sample City A,0.0
Central America and the Caribbean,Saint Lucia,Household,Online,H,2014-02-10,539065062,2014-03-10,186,668.27,502.54,124298.22,93472.44,30825.78,1263,28,2014-02-10,Household,668.27,186,CUST-040,SAVE10,Sample City B,0.1
Europe,Armenia,Snacks,Offline,H,2013-10-26,540431916,2013-11-15,4668,152.58,97.44,712243.44,454849.92,257393.52,1370,20,2013-10-26,Snacks,152.58,4668,CUST-041,SAVE20,Sample City C,0.2
North America,Canada,Beverages,Online,C,2016-04-16,694687259,2016-06-02,2252,47.45,31.79,106857.4,71591.08,35266.32,467,47,2016-04-16,Beverages,47.45,2252,CUST-042,NONE,Sample City A,0.0
Sub-Saharan Africa,Burundi,Cosmetics,Offline,H,2011-05-27,562817418,2011-06-02,9036,437.2,263.33,3950539.2,2379449.88,1571089.32,2253,6,2011-05-27,Cosmetics,437.2,9036,CUST-043,SAVE10,Sample City B,0.1
Europe,Liechtenstein,Cereal,Online,L,2016-08-04,676121222,2016-09-09,8149,205.7,117.11,1676249.3,954329.39,721919.91,357,36,2016-08-04,Cereal,205.7,8149,CUST-044,SAVE20,Sample City C,0.2
Middle East and North Africa,Tunisia,Snacks,Offline,L,2012-07-03,286210000,2012-08-05,4754,152.58,97.44,725365.32,463229.76,262135.56,1850,33,2012-07-03,Snacks,152.58,4754,CUST-045,NONE,Sample City A,0.0
Middle East and North Africa,Iraq,Beverages,Online,L,2014-12-04,515007579,2015-01-11,1042,47.45,31.79,49442.9,33125.18,16317.72,966,38,2014-12-04,Beverages,47.45,1042,CUST-046,SAVE10,Sample City B,0.1
Asia,Indonesia,Cosmetics,Offline,C,2010-05-31,304750287,2010-06-01,1237,437.2,263.33,540816.4,325739.21,215077.19,2614,1,2010-05-31,Cosmetics,437.2,1237,CUST-047,SAVE20,Sample City C,0.2
Asia,Kazakhstan,Beverages,Online,H,2013-02-05,467986953,2013-02-17,6594,47.45,31.79,312885.3,209623.26,103262.04,1633,12,2013-02-05,Beverages,47.45,6594,CUST-048,NONE,Sample City A,0.0
Europe,Denmark,Beverages,Offline,C,2015-06-15,537578904,2015-07-09,399,47.45,31.79,18932.55,12684.21,6248.34,773,24,2015-06-15,Beverages,47.45,399,CUST-049,SAVE10,Sample City B,0.1
Europe,Luxembourg,Vegetables,Offline,L,2014-10-21,116699969,2014-11-18,2969,154.06,90.93,457404.14,269971.17,187432.97,1010,28,2014-10-21,Vegetables,154.06,2969,CUST-050,SAVE20,Sample City C,0.2
Sub-Saharan Africa,Cape Verde,Snacks,Offline,C,2017-02-13,228836476,2017-03-13,6653,152.58,97.44,1015114.74,648268.32,366846.42,164,28,2017-02-13,Snacks,152.58,6653,CUST-051,NONE,Sample City A,0.0
Australia and Oceania,Palau,Vegetables,Offline,C,2010-06-29,167787253,2010-07-16,832,154.06,90.93,128177.92,75653.76,52524.16,2585,17,2010-06-29,Vegetables,154.06,832,CUST-052,SAVE10,Sample City B,0.1
Australia and Oceania,Australia,Vegetables,Online,M,2014-05-19,647663629,2014-05-20,6915,154.06,90.93,1065324.9,628780.95,436543.95,1165,1,2014-05-19,Vegetables,154.06,6915,CUST-053,SAVE20,Sample City C,0.2
Central America and the Caribbean,Nicaragua,Meat,Offline,L,2015-03-21,652889430,2015-04-15,3346,421.89,364.69,1411643.94,1220252.74,191391.2,859,25,2015-03-21,Meat,421.89,3346,CUST-054,NONE,Sample City A,0.0
Asia,Laos,Office Supplies,Offline,M,2015-08-31,588200986,2015-10-15,598,651.21,524.96,389423.58,313926.08,75497.5,696,45,2015-08-31,Office Supplies,651.21,598,CUST-055,SAVE10,Sample City B,0.1
Central America and the Caribbean,Cuba,Personal Care,Online,L,2015-08-23,928647124,2015-08-30,6176,81.73,56.67,504764.48,349993.92,154770.56,704,7,2015-08-23,Personal Care,81.73,6176,CUST-056,SAVE20,Sample City C,0.2
Europe,Moldova,Cosmetics,Offline,L,2016-02-24,869589173,2016-03-17,9615,437.2,263.33,4203678.0,2531917.95,1671760.05,519,22,2016-02-24,Cosmetics,437.2,9615,CUST-057,NONE,Sample City A,0.0
Middle East and North Africa,Syria,Household,Online,C,2015-06-17,576700961,2015-07-23,7485,668.27,502.54,5002000.95,3761511.9,1240489.05,771,36,2015-06-17,Household,668.27,7485,CUST-058,SAVE10,Sample City B,0.1
Central America and the Caribbean,The Bahamas,Cereal,Offline,M,2012-11-27,735968816,2012-12-06,8382,205.7,117.11,1724177.4,981616.02,742561.38,1703,9,2012-11-27,Cereal,205.7,8382,CUST-059,SAVE20,Sample City C,0.2
Europe,Belarus,Snacks,Offline,M,2012-09-07,303691565,2012-10-19,7938,152.58,97.44,1211180.04,773478.72,437701.32,1784,42,2012-09-07,Snacks,152.58,7938,CUST-060,NONE,Sample City A,0.0
Middle East and North Africa,United Arab Emirates,Clothes,Offline,C,2012-06-23,556480538,2012-08-07,3812,109.28,35.84,416575.36,136622.08,279953.28,1860,45,2012-06-23,Clothes,109.28,3812,CUST-061,SAVE10,Sample City B,0.1
Sub-Saharan Africa,Angola,Beverages,Offline,H,2014-10-23,141259562,2014-11-11,698,47.45,31.79,33120.1,22189.42,10930.68,1008,19,2014-10-23,Beverages,47.45,698,CUST-062,SAVE20,Sample City C,0.2
Central America and the Caribbean,Cuba,Cosmetics,Offline,C,2015-09-18,925264966,2015-10-18,5320,437.2,263.33,2325904.0,1400915.6,924988.4,678,30,2015-09-18,Cosmetics,437.2,5320,CUST-063,NONE,Sample City A,0.0
Europe,Ukraine,Office Supplies,Online,H,2016-01-24,346045577,2016-02-20,1431,651.21,524.96,931881.51,751217.76,180663.75,550,27,2016-01-24,Office Supplies,651.21,1431,CUST-064,SAVE10,Sample City B,0.1
Sub-Saharan Africa,Mozambique,Fruits,Offline,H,2010-03-23,861462724,2010-04-19,4818,9.33,6.92,44951.94,33340.56,11611.38,2683,27,2010-03-23,Fruits,9.33,4818,CUST-065,SAVE20,Sample City C,0.2
Europe,Armenia,Personal Care,Online,M,2012-07-26,499690234,2012-08-28,8299,81.73,56.67,678277.27,470304.33,207972.94,1827,33,2012-07-26,Personal Care,81.73,8299,CUST-066,NONE,Sample City A,0.0
North America,Greenland,Clothes,Online,H,2015-10-20,509214437,2015-11-02,6722,109.28,35.84,734580.16,240916.48,493663.68,646,13,2015-10-20,Clothes,109.28,6722,CUST-067,SAVE10,Sample City B,0.1
Central America and the Caribbean,Saint Kitts and Nevis,Office Supplies,Online,M,2017-06-27,408834159,2017-07-18,1968,651.21,524.96,1281581.28,1033121.28,248460.0,30,21,2017-06-27,Office Supplies,651.21,1968,CUST-068,SAVE20,Sample City C,0.2
Europe,Vatican City,Beverages,Offline,M,2016-04-04,237660729,2016-04-30,7946,47.45,31.79,377037.7,252603.34,124434.36,479,26,2016-04-04,Beverages,47.45,7946,CUST-069,NONE,Sample City A,0.0
Europe,Ukraine,Clothes,Online,C,2015-08-05,105117976,2015-09-09,5600,109.28,35.84,611968.0,200704.0,411264.0,722,35,2015-08-05,Clothes,109.28,5600,CUST-070,SAVE10,Sample City B,0.1
Sub-Saharan Africa,Niger,Cereal,Offline,L,2012-06-16,640942227,2012-07-04,7903,205.7,117.11,1625647.1,925520.33,700126.77,1867,18,2012-06-16,Cereal,205.7,7903,CUST-071,SAVE20,Sample City C,0.2
Asia,Myanmar,Cosmetics,Online,L,2016-04-03,745182311,2016-05-05,4860,437.2,263.33,2124792.0,1279783.8,845008.2,480,32,2016-04-03,Cosmetics,437.2,4860,CUST-072,NONE,Sample City A,0.0
Sub-Saharan Africa,Guinea,Baby Food,Offline,C,2014-09-21,738199555,2014-09-21,8508,255.28,159.42,2171922.24,1356345.36,815576.88,1040,0,2014-09-21,Baby Food,255.28,8508,CUST-073,SAVE10,Sample City B,0.1
Sub-Saharan Africa,Guinea-Bissau,Snacks,Online,L,2015-08-08,110667788,2015-09-10,7913,152.58,97.44,1207365.54,771042.72,436322.82,719,33,2015-08-08,Snacks,152.58,7913,CUST-074,SAVE20,Sample City C,0.2
Sub-Saharan Africa,South Sudan,Office Supplies,Online,C,2012-07-19,673573338,2012-07-20,4174,651.21,524.96,2718150.54,2191183.04,526967.5,1834,1,2012-07-19,Office Supplies,651.21,4174,CUST-075,NONE,Sample City A,0.0
Middle East and North Africa,Turkey,Snacks,Offline,H,2011-08-26,708215034,2011-09-13,5421,152.58,97.44,827136.18,528222.24,298913.94,2162,18,2011-08-26,Snacks,152.58,5421,CUST-076,SAVE10,Sample City B,0.1
Australia and Oceania,Palau,Household,Online,M,2012-06-23,816204202,2012-07-01,1816,668.27,502.54,1213578.32,912612.64,300965.68,1860,8,2012-06-23,Household,668.27,1816,CUST-077,SAVE20,Sample City C,0.2
Europe,Poland,Beverages,Offline,L,2011-11-20,769464671,2011-12-24,550,47.45,31.79,26097.5,17484.5,8613.0,2076,34,2011-11-20,Beverages,47.45,550,CUST-078,NONE,Sample City A,0.0
Asia,Malaysia,Beverages,Offline,L,2015-05-13,860232770,2015-06-04,848,47.45,31.79,40237.6,26957.92,13279.68,806,22,2015-05-13,Beverages,47.45,848,CUST-079,SAVE10,Sample City B,0.1
North America,United States of America,Personal Care,Offline,C,2010-07-16,551057326,2010-08-22,8963,81.73,56.67,732545.99,507933.21,224612.78,2568,37,2010-07-16,Personal Care,81.73,8963,CUST-080,SAVE20,Sample City C,0.2
Europe,Switzerland,Cosmetics,Online,C,2016-05-21,724799668,2016-05-27,3183,437.2,263.33,1391607.6,838179.39,553428.21,432,6,2016-05-21,Cosmetics,437.2,3183,CUST-081,NONE,Sample City A,0.0
Australia and Oceania,Papua New Guinea,Cosmetics,Offline,H,2011-04-22,534633624,2011-06-08,8825,437.2,263.33,3858290.0,2323887.25,1534402.75,2288,47,2011-04-22,Cosmetics,437.2,8825,CUST-082,SAVE10,Sample City B,0.1
Sub-Saharan Africa,Namibia,Beverages,Offline,H,2012-08-14,554045522,2012-09-20,3237,47.45,31.79,153595.65,102904.23,50691.42,1808,37,2012-08-14,Beverages,47.45,3237,CUST-083,SAVE20,Sample City C,0.2
Europe,Ireland,Clothes,Online,C,2012-03-17,526834189,2012-05-02,799,109.28,35.84,87314.72,28636.16,58678.56,1958,46,2012-03-17,Clothes,109.28,799,CUST-084,NONE,Sample City A,0.0
Sub-Saharan Africa,Mozambique,Household,Online,C,2010-08-06,717110955,2010-08-09,7922,668.27,502.54,5294034.94,3981121.88,1312913.06,2547,3,2010-08-06,Household,668.27,7922,CUST-085,SAVE10,Sample City B,0.1
Sub-Saharan Africa,Democratic Republic of the Congo,Baby Food,Offline,L,2013-02-25,559299647,2013-03-26,8049,255.28,159.42,2054748.72,1283171.58,771577.14,1613,29,2013-02-25,Baby Food,255.28,8049,CUST-086,SAVE20,Sample City C,0.2
North America,United States of America,Meat,Online,M,2011-03-06,908136594,2011-03-10,6654,421.89,364.69,2807256.06,2426647.26,380608.8,2335,4,2011-03-06,Meat,421.89,6654,CUST-087,NONE,Sample City A,0.0
Middle East and North Africa,Azerbaijan,Office Supplies,Offline,M,2015-12-14,888670623,2015-12-16,6240,651.21,524.96,4063550.4,3275750.4,787800.0,591,2,2015-12-14,Office Supplies,651.21,6240,CUST-088,SAVE10,Sample City B,0.1
Europe,Belgium,Office Supplies,Offline,C,2017-02-10,146263062,2017-02-16,1345,651.21,524.96,875877.45,706071.2,169806.25,167,6,2017-02-10,Office Supplies,651.21,1345,CUST-089,SAVE20,Sample City C,0.2
Asia,Taiwan,Office Supplies,Offline,L,2016-09-20,196587741,2016-10-28,3536,651.21,524.96,2302678.56,1856258.56,446420.0,310,38,2016-09-20,Office Supplies,651.21,3536,CUST-090,NONE,Sample City A,0.0
Central America and the Caribbean,Panama,Baby Food,Online,M,2010-04-30,375630986,2010-06-02,6411,255.28,159.42,1636600.08,1022041.62,614558.46,2645,33,2010-04-30,Baby Food,255.28,6411,CUST-091,SAVE10,Sample City B,0.1
Europe,Andorra,Beverages,Offline,H,2013-06-25,989691627,2013-07-10,600,47.45,31.79,28470.0,19074.0,9396.0,1493,15,2013-06-25,Beverages,47.45,600,CUST-092,SAVE20,Sample City C,0.2
Europe,Georgia,Household,Offline,H,2012-07-04,165380990,2012-07-27,8765,668.27,502.54,5857386.55,4404763.1,1452623.45,1849,23,2012-07-04,Household,668.27,8765,CUST-093,NONE,Sample City A,0.0
Central America and the Caribbean,Barbados,Snacks,Online,C,2013-09-21,599622905,2013-10-22,597,152.58,97.44,91090.26,58171.68,32918.58,1405,31,2013-09-21,Snacks,152.58,597,CUST-094,SAVE10,Sample City B,0.1
Europe,Sweden,Personal Care,Offline,C,2016-12-08,109653699,2017-01-06,7821,81.73,56.67,639210.33,443216.07,195994.26,231,29,2016-12-08,Personal Care,81.73,7821,CUST-095,SAVE20,Sample City C,0.2
Middle East and North Africa,Algeria,Meat,Offline,M,2011-09-02,183022201,2011-10-15,9191,421.89,364.69,3877590.99,3351865.79,525725.2,2155,43,2011-09-02,Meat,421.89,9191,CUST-096,NONE,Sample City A,0.0
Europe,Italy,Personal Care,Online,L,2011-03-21,127589738,2011-04-02,5494,81.73,56.67,449024.62,311344.98,137679.64,2320,12,2011-03-21,Personal Care,81.73,5494,CUST-097,SAVE10,Sample City B,0.1
Europe,Russia,Fruits,Offline,L,2011-01-08,221530139,2011-01-26,4546,9.33,6.92,42414.18,31458.32,10955.86,2392,18,2011-01-08,Fruits,9.33,4546,CUST-098,SAVE20,Sample City C,0.2
Central America and the Caribbean,Antigua and Barbuda,Office Supplies,Offline,M,2015-02-22,363329732,2015-02-22,6197,651.21,524.96,4035548.37,3253177.12,782371.25,886,0,2015-02-22,Office Supplies,651.21,6197,CUST-099,NONE,Sample City A,0.0
Middle East and North Africa,Jordan,Fruits,Online,C,2017-05-15,521787345,2017-06-25,7325,9.33,6.92,68342.25,50689.0,17653.25,73,41,2017-05-15,Fruits,9.33,7325,CUST-100,SAVE10,Sample City B,0.1
